web-scraper-order,web-scraper-start-url,links,links-href,Title,Votes,Note,Metascore,Genre
1678279573-547,"https://www.imdb.com/search/title/?release_date=2017-01-01,2017-12-31&sort=num_votes,desc&start=351&ref_=adv_nxt",24H Limit,https://www.imdb.com/title/tt5442456/?ref_=adv_li_tt,24H Limit,15000,"5,8",37.0,Action
1678280357-695,"https://www.imdb.com/search/title/?release_date=2017-01-01,2017-12-31&sort=num_votes,desc&start=251&ref_=adv_nxt",Arjun Reddy,https://www.imdb.com/title/tt7294534/?ref_=adv_li_tt,Arjun Reddy,26000,"8,0",,Action
1678281341-735,"https://www.imdb.com/search/title/?release_date=2017-01-01,2017-12-31&sort=num_votes,desc&start=701&ref_=adv_nxt",La balade de Lefty Brown,https://www.imdb.com/title/tt4400994/?ref_=adv_li_tt,La balade de Lefty Brown,7000,"6,3",64.0,Action
1678279617-555,"https://www.imdb.com/search/title/?release_date=2017-01-01,2017-12-31&sort=num_votes,desc&start=351&ref_=adv_nxt",Theeran Adhigaram Ondru,https://www.imdb.com/title/tt7060460/?ref_=adv_li_tt,Theeran Adhigaram Ondru,16000,"8,2",,Action
1678273079-196,"https://www.imdb.com/search/title/?release_date=2017-01-01,2017-12-31&sort=num_votes,desc&start=201&ref_=adv_nxt",Secret Superstar,https://www.imdb.com/title/tt6108090/?ref_=adv_li_tt,Secret Superstar,27000,"7,8",,Drame
1678279717-575,"https://www.imdb.com/search/title/?release_date=2017-01-01,2017-12-31&sort=num_votes,desc&start=351&ref_=adv_nxt",Along With the Gods: The Two Worlds,https://www.imdb.com/title/tt7160070/?ref_=adv_li_tt,Along With the Gods: The Two Worlds,17000,"7,2",,Action
1678274549-419,"https://www.imdb.com/search/title/?release_date=2017-01-01,2017-12-31&sort=num_votes,desc&start=1&ref_=adv_nxt",Kong: Skull Island,https://www.imdb.com/title/tt3731562/?ref_=adv_li_tt,Kong: Skull Island,326000,"6,6",62.0,Action
1678273416-248,"https://www.imdb.com/search/title/?release_date=2017-01-01,2017-12-31&sort=num_votes,desc&start=151&ref_=adv_nxt",Metalhead,https://www.imdb.com/title/tt5710984/?ref_=adv_li_tt,Metalhead,37000,"6,6",,Drame
1678274295-378,"https://www.imdb.com/search/title/?release_date=2017-01-01,2017-12-31&sort=num_votes,desc&start=51&ref_=adv_nxt",Taboo,https://www.imdb.com/title/tt3647998/?ref_=adv_li_tt,Taboo,141000,"8,3",,Drame
1678279159-484,"https://www.imdb.com/search/title/?release_date=2017-01-01,2017-12-31&sort=num_votes,desc&start=451&ref_=adv_nxt",L'Amant double,https://www.imdb.com/title/tt6367558/?ref_=adv_li_tt,L'Amant double,13000,"6,2",70.0,Drame
1678279623-556,"https://www.imdb.com/search/title/?release_date=2017-01-01,2017-12-31&sort=num_votes,desc&start=351&ref_=adv_nxt",Shimmer Lake,https://www.imdb.com/title/tt1386691/?ref_=adv_li_tt,Shimmer Lake,16000,"6,3",,Action
1678273724-293,"https://www.imdb.com/search/title/?release_date=2017-01-01,2017-12-31&sort=num_votes,desc&start=101&ref_=adv_nxt",Hang the DJ,https://www.imdb.com/title/tt5710978/?ref_=adv_li_tt,Hang the DJ,53000,"8,7",,Drame
1678274440-401,"https://www.imdb.com/search/title/?release_date=2017-01-01,2017-12-31&sort=num_votes,desc&start=1&ref_=adv_nxt",Mother,https://www.imdb.com/title/tt5109784/?ref_=adv_li_tt,Mother,232000,"6,6",75.0,Drame
1678279602-552,"https://www.imdb.com/search/title/?release_date=2017-01-01,2017-12-31&sort=num_votes,desc&start=351&ref_=adv_nxt",Overdrive,https://www.imdb.com/title/tt1935194/?ref_=adv_li_tt,Overdrive,15000,"5,3",,Action
1678282567-879,"https://www.imdb.com/search/title/?release_date=2017-01-01,2017-12-31&sort=num_votes,desc&start=551&ref_=adv_nxt",The Big Scary U,https://www.imdb.com/title/tt6198668/?ref_=adv_li_tt,The Big Scary U,92000,"7,2",,Drame
1678280011-634,"https://www.imdb.com/search/title/?release_date=2017-01-01,2017-12-31&sort=num_votes,desc&start=301&ref_=adv_nxt",Fullmetal Alchemist,https://www.imdb.com/title/tt5607028/?ref_=adv_li_tt,Fullmetal Alchemist,21000,"5,3",48.0,Action
1678281778-796,"https://www.imdb.com/search/title/?release_date=2017-01-01,2017-12-31&sort=num_votes,desc&start=651&ref_=adv_nxt",The Great Father,https://www.imdb.com/title/tt5996836/?ref_=adv_li_tt,The Great Father,78000,"6,9",,Action
1678273301-234,"https://www.imdb.com/search/title/?release_date=2017-01-01,2017-12-31&sort=num_votes,desc&start=201&ref_=adv_nxt",The Chosen,https://www.imdb.com/title/tt9471404/?ref_=adv_li_tt,The Chosen,34000,"9,3",,Drame
1678279950-621,"https://www.imdb.com/search/title/?release_date=2017-01-01,2017-12-31&sort=num_votes,desc&start=301&ref_=adv_nxt",Chapter Six: The Spy,https://www.imdb.com/title/tt6020808/?ref_=adv_li_tt,Chapter Six: The Spy,20000,"9,1",,Drame
1678279664-564,"https://www.imdb.com/search/title/?release_date=2017-01-01,2017-12-31&sort=num_votes,desc&start=351&ref_=adv_nxt",Happy End,https://www.imdb.com/title/tt5304464/?ref_=adv_li_tt,Happy End,16000,"6,6",72.0,Drame
1678279960-623,"https://www.imdb.com/search/title/?release_date=2017-01-01,2017-12-31&sort=num_votes,desc&start=301&ref_=adv_nxt",L.A. Rush,https://www.imdb.com/title/tt4694544/?ref_=adv_li_tt,L.A. Rush,20000,"5,3",28.0,Action
1678282586-881,"https://www.imdb.com/search/title/?release_date=2017-01-01,2017-12-31&sort=num_votes,desc&start=551&ref_=adv_nxt",Efectuar lo acordado,https://www.imdb.com/title/tt6807344/?ref_=adv_li_tt,Efectuar lo acordado,92000,"8,1",,Action
1678273347-239,"https://www.imdb.com/search/title/?release_date=2017-01-01,2017-12-31&sort=num_votes,desc&start=151&ref_=adv_nxt",Ghost Stories,https://www.imdb.com/title/tt5516328/?ref_=adv_li_tt,Ghost Stories,35000,"6,4",68.0,Drame
1678274640-435,"https://www.imdb.com/search/title/?release_date=2017-01-01,2017-12-31&sort=num_votes,desc&start=1&ref_=adv_nxt",Spider-Man: Homecoming,https://www.imdb.com/title/tt2250912/?ref_=adv_li_tt,Spider-Man: Homecoming,669000,"7,4",73.0,Action
1678274177-361,"https://www.imdb.com/search/title/?release_date=2017-01-01,2017-12-31&sort=num_votes,desc&start=51&ref_=adv_nxt",The Foreigner,https://www.imdb.com/title/tt1615160/?ref_=adv_li_tt,The Foreigner,117000,"7,0",55.0,Action
1678282325-855,"https://www.imdb.com/search/title/?release_date=2017-01-01,2017-12-31&sort=num_votes,desc&start=601&ref_=adv_nxt","Tape 7, Side A",https://www.imdb.com/title/tt5174280/?ref_=adv_li_tt,"Tape 7, Side A",86000,"9,2",,Drame
1678278907-446,"https://www.imdb.com/search/title/?release_date=2017-01-01,2017-12-31&sort=num_votes,desc&start=451&ref_=adv_nxt",Salyut-7,https://www.imdb.com/title/tt6537238/?ref_=adv_li_tt,Salyut-7,12000,"7,2",,Action
1678279033-459,"https://www.imdb.com/search/title/?release_date=2017-01-01,2017-12-31&sort=num_votes,desc&start=451&ref_=adv_nxt",Café Roma,https://www.imdb.com/title/tt7063210/?ref_=adv_li_tt,Café Roma,12000,"7,0",,Drame
1678274284-377,"https://www.imdb.com/search/title/?release_date=2017-01-01,2017-12-31&sort=num_votes,desc&start=51&ref_=adv_nxt",La Tour sombre,https://www.imdb.com/title/tt1648190/?ref_=adv_li_tt,La Tour sombre,141000,"5,6",34.0,Action
1678281605-769,"https://www.imdb.com/search/title/?release_date=2017-01-01,2017-12-31&sort=num_votes,desc&start=651&ref_=adv_nxt",Fortnite,https://www.imdb.com/title/tt8020008/?ref_=adv_li_tt,Fortnite,75000,"5,1",,Action
1678279562-546,"https://www.imdb.com/search/title/?release_date=2017-01-01,2017-12-31&sort=num_votes,desc&start=401&ref_=adv_nxt",Les demoiselles du téléphone,https://www.imdb.com/title/tt5674718/?ref_=adv_li_tt,Les demoiselles du téléphone,15000,"7,5",,Drame
1678273791-303,"https://www.imdb.com/search/title/?release_date=2017-01-01,2017-12-31&sort=num_votes,desc&start=101&ref_=adv_nxt",Sur le chemin de la rédemption,https://www.imdb.com/title/tt6053438/?ref_=adv_li_tt,Sur le chemin de la rédemption,59000,"7,1",85.0,Drame
1678274628-433,"https://www.imdb.com/search/title/?release_date=2017-01-01,2017-12-31&sort=num_votes,desc&start=1&ref_=adv_nxt",Star Wars : Épisode VIII - Les Derniers Jedi,https://www.imdb.com/title/tt2527336/?ref_=adv_li_tt,Star Wars : Épisode VIII - Les Derniers Jedi,641000,"6,9",84.0,Action
1678279963-624,"https://www.imdb.com/search/title/?release_date=2017-01-01,2017-12-31&sort=num_votes,desc&start=301&ref_=adv_nxt",Chapter One: MADMAX,https://www.imdb.com/title/tt6020684/?ref_=adv_li_tt,Chapter One: MADMAX,20000,"8,1",,Drame
1678283055-959,"https://www.imdb.com/search/title/?release_date=2017-01-01,2017-12-31&sort=num_votes,desc&start=501&ref_=adv_nxt",Judwaa 2,https://www.imdb.com/title/tt5456546/?ref_=adv_li_tt,Judwaa 2,11000,"3,6",,Action
1678273937-329,"https://www.imdb.com/search/title/?release_date=2017-01-01,2017-12-31&sort=num_votes,desc&start=101&ref_=adv_nxt",La Montagne entre nous,https://www.imdb.com/title/tt2226597/?ref_=adv_li_tt,La Montagne entre nous,77000,"6,4",48.0,Drame
1678274149-357,"https://www.imdb.com/search/title/?release_date=2017-01-01,2017-12-31&sort=num_votes,desc&start=51&ref_=adv_nxt",Geostorm,https://www.imdb.com/title/tt1981128/?ref_=adv_li_tt,Geostorm,111000,"5,3",21.0,Action
1678273482-258,"https://www.imdb.com/search/title/?release_date=2017-01-01,2017-12-31&sort=num_votes,desc&start=151&ref_=adv_nxt","Everything, Everything",https://www.imdb.com/title/tt5001718/?ref_=adv_li_tt,"Everything, Everything",40000,"6,3",52.0,Drame
1678273442-252,"https://www.imdb.com/search/title/?release_date=2017-01-01,2017-12-31&sort=num_votes,desc&start=151&ref_=adv_nxt",Time Trap,https://www.imdb.com/title/tt4815122/?ref_=adv_li_tt,Time Trap,38000,"6,2",46.0,Action
1678282494-873,"https://www.imdb.com/search/title/?release_date=2017-01-01,2017-12-31&sort=num_votes,desc&start=551&ref_=adv_nxt",Whisky Bandit,https://www.imdb.com/title/tt5871080/?ref_=adv_li_tt,Whisky Bandit,89000,"7,3",,Action
1678282726-907,"https://www.imdb.com/search/title/?release_date=2017-01-01,2017-12-31&sort=num_votes,desc&start=551&ref_=adv_nxt",The Hero,https://www.imdb.com/title/tt5655222/?ref_=adv_li_tt,The Hero,10000,"6,5",61.0,Drame
1678274482-408,"https://www.imdb.com/search/title/?release_date=2017-01-01,2017-12-31&sort=num_votes,desc&start=1&ref_=adv_nxt",La Planète des singes : Suprématie,https://www.imdb.com/title/tt3450958/?ref_=adv_li_tt,La Planète des singes : Suprématie,263000,"7,4",82.0,Action
1678273241-225,"https://www.imdb.com/search/title/?release_date=2017-01-01,2017-12-31&sort=num_votes,desc&start=201&ref_=adv_nxt",Désobéissance,https://www.imdb.com/title/tt6108178/?ref_=adv_li_tt,Désobéissance,33000,"6,6",74.0,Drame
1678273804-305,"https://www.imdb.com/search/title/?release_date=2017-01-01,2017-12-31&sort=num_votes,desc&start=101&ref_=adv_nxt",Jungle,https://www.imdb.com/title/tt3758172/?ref_=adv_li_tt,Jungle,59000,"6,7",48.0,Action
1678281284-730,"https://www.imdb.com/search/title/?release_date=2017-01-01,2017-12-31&sort=num_votes,desc&start=701&ref_=adv_nxt",Caballo de Troya,https://www.imdb.com/title/tt6851490/?ref_=adv_li_tt,Caballo de Troya,7000,"8,1",,Action
1678279607-553,"https://www.imdb.com/search/title/?release_date=2017-01-01,2017-12-31&sort=num_votes,desc&start=351&ref_=adv_nxt",The Villainess,https://www.imdb.com/title/tt6777338/?ref_=adv_li_tt,The Villainess,15000,"6,6",64.0,Action
1678280224-678,"https://www.imdb.com/search/title/?release_date=2017-01-01,2017-12-31&sort=num_votes,desc&start=251&ref_=adv_nxt",The Bye Bye Man,https://www.imdb.com/title/tt4030600/?ref_=adv_li_tt,The Bye Bye Man,25000,"4,3",37.0,Drame
1678282394-866,"https://www.imdb.com/search/title/?release_date=2017-01-01,2017-12-31&sort=num_votes,desc&start=601&ref_=adv_nxt",The Walking Dead,https://www.imdb.com/title/tt1520211/?ref_=adv_li_tt,The Walking Dead,100000,"8,1",,Drame
1678280268-686,"https://www.imdb.com/search/title/?release_date=2017-01-01,2017-12-31&sort=num_votes,desc&start=251&ref_=adv_nxt",Aftermath,https://www.imdb.com/title/tt4581576/?ref_=adv_li_tt,Aftermath,26000,"5,7",44.0,Drame
1678283072-962,"https://www.imdb.com/search/title/?release_date=2017-01-01,2017-12-31&sort=num_votes,desc&start=501&ref_=adv_nxt",The Vanishing of Sidney Hall,https://www.imdb.com/title/tt1291566/?ref_=adv_li_tt,The Vanishing of Sidney Hall,11000,"6,8",18.0,Drame
1678279891-609,"https://www.imdb.com/search/title/?release_date=2017-01-01,2017-12-31&sort=num_votes,desc&start=301&ref_=adv_nxt",Columbus,https://www.imdb.com/title/tt5990474/?ref_=adv_li_tt,Columbus,19000,"7,2",89.0,Drame
1678280214-676,"https://www.imdb.com/search/title/?release_date=2017-01-01,2017-12-31&sort=num_votes,desc&start=251&ref_=adv_nxt",Sand Castle,https://www.imdb.com/title/tt2582576/?ref_=adv_li_tt,Sand Castle,25000,"6,3",45.0,Action
1678282095-831,"https://www.imdb.com/search/title/?release_date=2017-01-01,2017-12-31&sort=num_votes,desc&start=601&ref_=adv_nxt",Raabta,https://www.imdb.com/title/tt5542802/?ref_=adv_li_tt,Raabta,82000,"4,7",,Action
1678279733-578,"https://www.imdb.com/search/title/?release_date=2017-01-01,2017-12-31&sort=num_votes,desc&start=351&ref_=adv_nxt",Cold Skin,https://www.imdb.com/title/tt1034385/?ref_=adv_li_tt,Cold Skin,17000,"6,0",,Action
1678274158-358,"https://www.imdb.com/search/title/?release_date=2017-01-01,2017-12-31&sort=num_votes,desc&start=51&ref_=adv_nxt",Downsizing,https://www.imdb.com/title/tt1389072/?ref_=adv_li_tt,Downsizing,114000,"5,8",63.0,Drame
1678274605-429,"https://www.imdb.com/search/title/?release_date=2017-01-01,2017-12-31&sort=num_votes,desc&start=1&ref_=adv_nxt",Baby Driver,https://www.imdb.com/title/tt3890160/?ref_=adv_li_tt,Baby Driver,555000,"7,6",86.0,Action
1678274385-392,"https://www.imdb.com/search/title/?release_date=2017-01-01,2017-12-31&sort=num_votes,desc&start=1&ref_=adv_nxt",Bright,https://www.imdb.com/title/tt5519340/?ref_=adv_li_tt,Bright,193000,"6,3",29.0,Action
1678282668-895,"https://www.imdb.com/search/title/?release_date=2017-01-01,2017-12-31&sort=num_votes,desc&start=551&ref_=adv_nxt",Jusqu'à la garde,https://www.imdb.com/title/tt6002232/?ref_=adv_li_tt,Jusqu'à la garde,97000,"7,5",83.0,Drame
1678279845-599,"https://www.imdb.com/search/title/?release_date=2017-01-01,2017-12-31&sort=num_votes,desc&start=301&ref_=adv_nxt",Blade of the Immortal,https://www.imdb.com/title/tt5084170/?ref_=adv_li_tt,Blade of the Immortal,18000,"6,7",72.0,Action
1678279780-587,"https://www.imdb.com/search/title/?release_date=2017-01-01,2017-12-31&sort=num_votes,desc&start=351&ref_=adv_nxt",Radius,https://www.imdb.com/title/tt6097798/?ref_=adv_li_tt,Radius,17000,"6,2",,Drame
1678282730-908,"https://www.imdb.com/search/title/?release_date=2017-01-01,2017-12-31&sort=num_votes,desc&start=551&ref_=adv_nxt",Some Guy,https://www.imdb.com/title/tt6198662/?ref_=adv_li_tt,Some Guy,10000,"6,8",,Drame
1678281915-814,"https://www.imdb.com/search/title/?release_date=2017-01-01,2017-12-31&sort=num_votes,desc&start=651&ref_=adv_nxt",Danger Close,https://www.imdb.com/title/tt5690548/?ref_=adv_li_tt,Danger Close,8000,"9,2",,Action
1678273535-266,"https://www.imdb.com/search/title/?release_date=2017-01-01,2017-12-31&sort=num_votes,desc&start=151&ref_=adv_nxt",Black Museum,https://www.imdb.com/title/tt5058700/?ref_=adv_li_tt,Black Museum,44000,"8,6",,Drame
1678281401-745,"https://www.imdb.com/search/title/?release_date=2017-01-01,2017-12-31&sort=num_votes,desc&start=701&ref_=adv_nxt",M.F.A.,https://www.imdb.com/title/tt5091530/?ref_=adv_li_tt,M.F.A.,72000,"5,9",,Drame
1678274077-346,"https://www.imdb.com/search/title/?release_date=2017-01-01,2017-12-31&sort=num_votes,desc&start=51&ref_=adv_nxt",The Circle,https://www.imdb.com/title/tt4287320/?ref_=adv_li_tt,The Circle,95000,"5,3",43.0,Drame
1678282820-922,"https://www.imdb.com/search/title/?release_date=2017-01-01,2017-12-31&sort=num_votes,desc&start=501&ref_=adv_nxt",Bella ciao,https://www.imdb.com/title/tt6816492/?ref_=adv_li_tt,Bella ciao,10000,"9,2",,Action
1678279415-524,"https://www.imdb.com/search/title/?release_date=2017-01-01,2017-12-31&sort=num_votes,desc&start=401&ref_=adv_nxt",Nos âmes la nuit,https://www.imdb.com/title/tt5034266/?ref_=adv_li_tt,Nos âmes la nuit,14000,"6,9",69.0,Drame
1678273173-214,"https://www.imdb.com/search/title/?release_date=2017-01-01,2017-12-31&sort=num_votes,desc&start=201&ref_=adv_nxt",Wonder Wheel,https://www.imdb.com/title/tt5825380/?ref_=adv_li_tt,Wonder Wheel,30000,"6,2",45.0,Drame
1678281275-729,"https://www.imdb.com/search/title/?release_date=2017-01-01,2017-12-31&sort=num_votes,desc&start=701&ref_=adv_nxt",Star Wars: Battlefront II,https://www.imdb.com/title/tt5710996/?ref_=adv_li_tt,Star Wars: Battlefront II,7000,"7,2",,Action
1678274142-356,"https://www.imdb.com/search/title/?release_date=2017-01-01,2017-12-31&sort=num_votes,desc&start=51&ref_=adv_nxt",The Defenders,https://www.imdb.com/title/tt4230076/?ref_=adv_li_tt,The Defenders,110000,"7,2",,Action
1678279749-581,"https://www.imdb.com/search/title/?release_date=2017-01-01,2017-12-31&sort=num_votes,desc&start=351&ref_=adv_nxt",Rememory,https://www.imdb.com/title/tt2331047/?ref_=adv_li_tt,Rememory,17000,"6,1",48.0,Drame
1678279593-550,"https://www.imdb.com/search/title/?release_date=2017-01-01,2017-12-31&sort=num_votes,desc&start=351&ref_=adv_nxt",Beach Rats,https://www.imdb.com/title/tt6303866/?ref_=adv_li_tt,Beach Rats,15000,"6,4",78.0,Drame
1678280200-673,"https://www.imdb.com/search/title/?release_date=2017-01-01,2017-12-31&sort=num_votes,desc&start=251&ref_=adv_nxt",Une prière avant l'aube,https://www.imdb.com/title/tt4080956/?ref_=adv_li_tt,Une prière avant l'aube,24000,"6,8",76.0,Action
1678274030-339,"https://www.imdb.com/search/title/?release_date=2017-01-01,2017-12-31&sort=num_votes,desc&start=101&ref_=adv_nxt",Hostiles,https://www.imdb.com/title/tt5478478/?ref_=adv_li_tt,Hostiles,88000,"7,2",65.0,Drame
1678279016-456,"https://www.imdb.com/search/title/?release_date=2017-01-01,2017-12-31&sort=num_votes,desc&start=451&ref_=adv_nxt",The Unknown Soldier,https://www.imdb.com/title/tt4065552/?ref_=adv_li_tt,The Unknown Soldier,12000,"7,7",,Drame
1678280046-641,"https://www.imdb.com/search/title/?release_date=2017-01-01,2017-12-31&sort=num_votes,desc&start=301&ref_=adv_nxt",Song to Song,https://www.imdb.com/title/tt2062700/?ref_=adv_li_tt,Song to Song,21000,"5,6",54.0,Drame
1678281818-801,"https://www.imdb.com/search/title/?release_date=2017-01-01,2017-12-31&sort=num_votes,desc&start=651&ref_=adv_nxt",Uncharted: The Lost Legacy,https://www.imdb.com/title/tt6304452/?ref_=adv_li_tt,Uncharted: The Lost Legacy,79000,"8,5",,Action
1678282213-846,"https://www.imdb.com/search/title/?release_date=2017-01-01,2017-12-31&sort=num_votes,desc&start=601&ref_=adv_nxt",Bad Day for the Cut,https://www.imdb.com/title/tt5653514/?ref_=adv_li_tt,Bad Day for the Cut,84000,"6,5",,Action
1678281794-798,"https://www.imdb.com/search/title/?release_date=2017-01-01,2017-12-31&sort=num_votes,desc&start=651&ref_=adv_nxt",Dismissed,https://www.imdb.com/title/tt5039994/?ref_=adv_li_tt,Dismissed,78000,"5,7",,Drame
1678281350-737,"https://www.imdb.com/search/title/?release_date=2017-01-01,2017-12-31&sort=num_votes,desc&start=701&ref_=adv_nxt",The Punisher,https://www.imdb.com/title/tt5675620/?ref_=adv_li_tt,The Punisher,243000,"8,5",,Action
1678280323-690,"https://www.imdb.com/search/title/?release_date=2017-01-01,2017-12-31&sort=num_votes,desc&start=251&ref_=adv_nxt",The Mist,https://www.imdb.com/title/tt5639976/?ref_=adv_li_tt,The Mist,26000,"5,4",,Drame
1678282134-836,"https://www.imdb.com/search/title/?release_date=2017-01-01,2017-12-31&sort=num_votes,desc&start=601&ref_=adv_nxt",Redivider,https://www.imdb.com/title/tt5464234/?ref_=adv_li_tt,Redivider,83000,"4,7",31.0,Action
1678282387-865,"https://www.imdb.com/search/title/?release_date=2017-01-01,2017-12-31&sort=num_votes,desc&start=601&ref_=adv_nxt","The King, the Widow and Rick",https://www.imdb.com/title/tt6207930/?ref_=adv_li_tt,"The King, the Widow and Rick",88000,"6,1",,Drame
1678274663-439,"https://www.imdb.com/search/title/?release_date=2017-01-01,2017-12-31&sort=num_votes,desc&start=1&ref_=adv_nxt",Logan,https://www.imdb.com/title/tt3315342/?ref_=adv_li_tt,Logan,776000,"8,1",77.0,Action
1678282529-875,"https://www.imdb.com/search/title/?release_date=2017-01-01,2017-12-31&sort=num_votes,desc&start=551&ref_=adv_nxt",The Recall,https://www.imdb.com/title/tt5669936/?ref_=adv_li_tt,The Recall,9000,"4,2",,Action
1678274219-367,"https://www.imdb.com/search/title/?release_date=2017-01-01,2017-12-31&sort=num_votes,desc&start=51&ref_=adv_nxt",Seven Sisters,https://www.imdb.com/title/tt1536537/?ref_=adv_li_tt,Seven Sisters,127000,"6,8",47.0,Action
1678282171-842,"https://www.imdb.com/search/title/?release_date=2017-01-01,2017-12-31&sort=num_votes,desc&start=601&ref_=adv_nxt",Wolf Warrior 2,https://www.imdb.com/title/tt7131870/?ref_=adv_li_tt,Wolf Warrior 2,84000,"5,9",44.0,Action
1678279785-588,"https://www.imdb.com/search/title/?release_date=2017-01-01,2017-12-31&sort=num_votes,desc&start=351&ref_=adv_nxt",Newness,https://www.imdb.com/title/tt6408226/?ref_=adv_li_tt,Newness,17000,"6,3",50.0,Drame
1678279585-549,"https://www.imdb.com/search/title/?release_date=2017-01-01,2017-12-31&sort=num_votes,desc&start=351&ref_=adv_nxt",Suburra,https://www.imdb.com/title/tt7197684/?ref_=adv_li_tt,Suburra,15000,"7,9",,Action
1678280133-658,"https://www.imdb.com/search/title/?release_date=2017-01-01,2017-12-31&sort=num_votes,desc&start=251&ref_=adv_nxt",Mayhem: Légitime Vengeance,https://www.imdb.com/title/tt4348012/?ref_=adv_li_tt,Mayhem: Légitime Vengeance,23000,"6,4",62.0,Action
1678280118-655,"https://www.imdb.com/search/title/?release_date=2017-01-01,2017-12-31&sort=num_votes,desc&start=251&ref_=adv_nxt",Beyond Skyline,https://www.imdb.com/title/tt1724970/?ref_=adv_li_tt,Beyond Skyline,22000,"5,3",46.0,Action
1678282701-902,"https://www.imdb.com/search/title/?release_date=2017-01-01,2017-12-31&sort=num_votes,desc&start=551&ref_=adv_nxt",The Professional,https://www.imdb.com/title/tt2674358/?ref_=adv_li_tt,The Professional,99000,"5,5",35.0,Action
1678273142-208,"https://www.imdb.com/search/title/?release_date=2017-01-01,2017-12-31&sort=num_votes,desc&start=201&ref_=adv_nxt",Chapter Seven: The Lost Sister,https://www.imdb.com/title/tt6020810/?ref_=adv_li_tt,Chapter Seven: The Lost Sister,28000,"6,1",,Drame
1678281737-790,"https://www.imdb.com/search/title/?release_date=2017-01-01,2017-12-31&sort=num_votes,desc&start=651&ref_=adv_nxt","Tape 1, Side A",https://www.imdb.com/title/tt5174246/?ref_=adv_li_tt,"Tape 1, Side A",77000,"8,2",,Drame
1678274395-394,"https://www.imdb.com/search/title/?release_date=2017-01-01,2017-12-31&sort=num_votes,desc&start=1&ref_=adv_nxt",Atomic Blonde,https://www.imdb.com/title/tt2406566/?ref_=adv_li_tt,Atomic Blonde,198000,"6,7",63.0,Action
1678274347-387,"https://www.imdb.com/search/title/?release_date=2017-01-01,2017-12-31&sort=num_votes,desc&start=51&ref_=adv_nxt",Wonder,https://www.imdb.com/title/tt2543472/?ref_=adv_li_tt,Wonder,168000,"7,9",66.0,Drame
1678280058-644,"https://www.imdb.com/search/title/?release_date=2017-01-01,2017-12-31&sort=num_votes,desc&start=301&ref_=adv_nxt",Chapter Eight: The Mind Flayer,https://www.imdb.com/title/tt6020812/?ref_=adv_li_tt,Chapter Eight: The Mind Flayer,22000,"9,2",,Drame
1678281219-724,"https://www.imdb.com/search/title/?release_date=2017-01-01,2017-12-31&sort=num_votes,desc&start=701&ref_=adv_nxt",D'après une histoire vraie,https://www.imdb.com/title/tt5893264/?ref_=adv_li_tt,D'après une histoire vraie,7000,"5,7",43.0,Drame
1678273975-334,"https://www.imdb.com/search/title/?release_date=2017-01-01,2017-12-31&sort=num_votes,desc&start=101&ref_=adv_nxt",American Assassin,https://www.imdb.com/title/tt1961175/?ref_=adv_li_tt,American Assassin,85000,"6,2",45.0,Action
1678282005-822,"https://www.imdb.com/search/title/?release_date=2017-01-01,2017-12-31&sort=num_votes,desc&start=601&ref_=adv_nxt",Duet,https://www.imdb.com/title/tt5668430/?ref_=adv_li_tt,Duet,81000,"6,1",,Action
1678283082-964,"https://www.imdb.com/search/title/?release_date=2017-01-01,2017-12-31&sort=num_votes,desc&start=501&ref_=adv_nxt",Taken,https://www.imdb.com/title/tt5052460/?ref_=adv_li_tt,Taken,11000,"6,6",,Action
1678280380-698,"https://www.imdb.com/search/title/?release_date=2017-01-01,2017-12-31&sort=num_votes,desc&start=251&ref_=adv_nxt",Une femme fantastique,https://www.imdb.com/title/tt5639354/?ref_=adv_li_tt,Une femme fantastique,26000,"7,2",85.0,Drame
1678282906-934,"https://www.imdb.com/search/title/?release_date=2017-01-01,2017-12-31&sort=num_votes,desc&start=501&ref_=adv_nxt",Men of Honor,https://www.imdb.com/title/tt3780500/?ref_=adv_li_tt,Men of Honor,10000,"6,7",73.0,Drame
1678281493-756,"https://www.imdb.com/search/title/?release_date=2017-01-01,2017-12-31&sort=num_votes,desc&start=701&ref_=adv_nxt",Tikli and Laxmi Bomb,https://www.imdb.com/title/tt5983262/?ref_=adv_li_tt,Tikli and Laxmi Bomb,73000,"7,1",,Drame
1678274023-338,"https://www.imdb.com/search/title/?release_date=2017-01-01,2017-12-31&sort=num_votes,desc&start=101&ref_=adv_nxt",American Gods,https://www.imdb.com/title/tt1898069/?ref_=adv_li_tt,American Gods,88000,"7,6",,Drame
1678274469-406,"https://www.imdb.com/search/title/?release_date=2017-01-01,2017-12-31&sort=num_votes,desc&start=1&ref_=adv_nxt",The Handmaid's Tale: La Servante écarlate,https://www.imdb.com/title/tt5834204/?ref_=adv_li_tt,The Handmaid's Tale: La Servante écarlate,244000,"8,4",,Drame
1678279849-600,"https://www.imdb.com/search/title/?release_date=2017-01-01,2017-12-31&sort=num_votes,desc&start=301&ref_=adv_nxt",Chapter Three: The Pollywog,https://www.imdb.com/title/tt6020796/?ref_=adv_li_tt,Chapter Three: The Pollywog,18000,"8,5",,Drame
1678273284-231,"https://www.imdb.com/search/title/?release_date=2017-01-01,2017-12-31&sort=num_votes,desc&start=201&ref_=adv_nxt",Krym,https://www.imdb.com/title/tt6990206/?ref_=adv_li_tt,Krym,33000,"3,6",,Action
1678281896-811,"https://www.imdb.com/search/title/?release_date=2017-01-01,2017-12-31&sort=num_votes,desc&start=651&ref_=adv_nxt",Rockaway,https://www.imdb.com/title/tt5462288/?ref_=adv_li_tt,Rockaway,8000,"6,6",,Drame
1678273147-209,"https://www.imdb.com/search/title/?release_date=2017-01-01,2017-12-31&sort=num_votes,desc&start=201&ref_=adv_nxt",Stranger Things,https://www.imdb.com/title/tt4574334/?ref_=adv_li_tt,Stranger Things,1200000,"8,7",,Drame
1678274253-372,"https://www.imdb.com/search/title/?release_date=2017-01-01,2017-12-31&sort=num_votes,desc&start=51&ref_=adv_nxt",Iron Fist,https://www.imdb.com/title/tt3322310/?ref_=adv_li_tt,Iron Fist,134000,"6,4",,Action
1678279695-570,"https://www.imdb.com/search/title/?release_date=2017-01-01,2017-12-31&sort=num_votes,desc&start=351&ref_=adv_nxt",Rivales,https://www.imdb.com/title/tt3462710/?ref_=adv_li_tt,Rivales,16000,"5,1",45.0,Drame
1678281733-789,"https://www.imdb.com/search/title/?release_date=2017-01-01,2017-12-31&sort=num_votes,desc&start=651&ref_=adv_nxt",The Vulcan Hello,https://www.imdb.com/title/tt5509372/?ref_=adv_li_tt,The Vulcan Hello,77000,"7,2",,Action
1678274259-373,"https://www.imdb.com/search/title/?release_date=2017-01-01,2017-12-31&sort=num_votes,desc&start=51&ref_=adv_nxt",Phantom Thread,https://www.imdb.com/title/tt5776858/?ref_=adv_li_tt,Phantom Thread,136000,"7,4",90.0,Drame
1678278983-450,"https://www.imdb.com/search/title/?release_date=2017-01-01,2017-12-31&sort=num_votes,desc&start=451&ref_=adv_nxt",Sur la plage de Chesil,https://www.imdb.com/title/tt1667321/?ref_=adv_li_tt,Sur la plage de Chesil,12000,"6,3",62.0,Drame
1678273921-326,"https://www.imdb.com/search/title/?release_date=2017-01-01,2017-12-31&sort=num_votes,desc&start=101&ref_=adv_nxt",A Ghost Story,https://www.imdb.com/title/tt6265828/?ref_=adv_li_tt,A Ghost Story,74000,"6,8",84.0,Drame
1678274113-351,"https://www.imdb.com/search/title/?release_date=2017-01-01,2017-12-31&sort=num_votes,desc&start=51&ref_=adv_nxt",Cinquante nuances plus sombres,https://www.imdb.com/title/tt4465564/?ref_=adv_li_tt,Cinquante nuances plus sombres,105000,"4,6",33.0,Drame
1678273321-236,"https://www.imdb.com/search/title/?release_date=2017-01-01,2017-12-31&sort=num_votes,desc&start=201&ref_=adv_nxt",Faute d'amour,https://www.imdb.com/title/tt6304162/?ref_=adv_li_tt,Faute d'amour,34000,"7,6",86.0,Drame
1678274136-355,"https://www.imdb.com/search/title/?release_date=2017-01-01,2017-12-31&sort=num_votes,desc&start=51&ref_=adv_nxt",Power Rangers,https://www.imdb.com/title/tt3717490/?ref_=adv_li_tt,Power Rangers,110000,"5,9",44.0,Action
1678273387-246,"https://www.imdb.com/search/title/?release_date=2017-01-01,2017-12-31&sort=num_votes,desc&start=151&ref_=adv_nxt",Conspiracy,https://www.imdb.com/title/tt1734493/?ref_=adv_li_tt,Conspiracy,36000,"6,3",46.0,Action
1678282609-885,"https://www.imdb.com/search/title/?release_date=2017-01-01,2017-12-31&sort=num_votes,desc&start=551&ref_=adv_nxt",The Man from Earth: Holocene,https://www.imdb.com/title/tt5770864/?ref_=adv_li_tt,The Man from Earth: Holocene,94000,"5,2",,Drame
1678273797-304,"https://www.imdb.com/search/title/?release_date=2017-01-01,2017-12-31&sort=num_votes,desc&start=101&ref_=adv_nxt",Les proies,https://www.imdb.com/title/tt5592248/?ref_=adv_li_tt,Les proies,59000,"6,3",77.0,Drame
1678280219-677,"https://www.imdb.com/search/title/?release_date=2017-01-01,2017-12-31&sort=num_votes,desc&start=251&ref_=adv_nxt",Megan Leavey,https://www.imdb.com/title/tt4899370/?ref_=adv_li_tt,Megan Leavey,25000,"7,1",66.0,Action
1678279480-531,"https://www.imdb.com/search/title/?release_date=2017-01-01,2017-12-31&sort=num_votes,desc&start=401&ref_=adv_nxt","Midnight, Texas",https://www.imdb.com/title/tt5464086/?ref_=adv_li_tt,"Midnight, Texas",14000,"7,3",,Drame
1678281617-771,"https://www.imdb.com/search/title/?release_date=2017-01-01,2017-12-31&sort=num_votes,desc&start=651&ref_=adv_nxt","Tape 6, Side A",https://www.imdb.com/title/tt5174272/?ref_=adv_li_tt,"Tape 6, Side A",75000,"9,1",,Drame
1678279932-617,"https://www.imdb.com/search/title/?release_date=2017-01-01,2017-12-31&sort=num_votes,desc&start=301&ref_=adv_nxt",My Cousin Rachel,https://www.imdb.com/title/tt4411596/?ref_=adv_li_tt,My Cousin Rachel,20000,"6,0",63.0,Drame
1678283027-954,"https://www.imdb.com/search/title/?release_date=2017-01-01,2017-12-31&sort=num_votes,desc&start=501&ref_=adv_nxt",How It's Gotta Be,https://www.imdb.com/title/tt6327118/?ref_=adv_li_tt,How It's Gotta Be,11000,"6,7",,Drame
1678273675-286,"https://www.imdb.com/search/title/?release_date=2017-01-01,2017-12-31&sort=num_votes,desc&start=151&ref_=adv_nxt",CHIPS,https://www.imdb.com/title/tt0493405/?ref_=adv_li_tt,CHIPS,49000,"6,0",28.0,Action
1678281313-731,"https://www.imdb.com/search/title/?release_date=2017-01-01,2017-12-31&sort=num_votes,desc&start=701&ref_=adv_nxt",La casa de papel,https://www.imdb.com/title/tt6468322/?ref_=adv_li_tt,La casa de papel,488000,"8,2",,Action
1678281345-736,"https://www.imdb.com/search/title/?release_date=2017-01-01,2017-12-31&sort=num_votes,desc&start=701&ref_=adv_nxt",Kandahar,https://www.imdb.com/title/tt5690500/?ref_=adv_li_tt,Kandahar,7000,"8,3",,Action
1678273543-267,"https://www.imdb.com/search/title/?release_date=2017-01-01,2017-12-31&sort=num_votes,desc&start=151&ref_=adv_nxt",Black Mirror,https://www.imdb.com/title/tt2085059/?ref_=adv_li_tt,Black Mirror,561000,"8,8",,Drame
1678273262-227,"https://www.imdb.com/search/title/?release_date=2017-01-01,2017-12-31&sort=num_votes,desc&start=201&ref_=adv_nxt",Sleepless,https://www.imdb.com/title/tt2072233/?ref_=adv_li_tt,Sleepless,33000,"5,6",34.0,Action
1678282613-886,"https://www.imdb.com/search/title/?release_date=2017-01-01,2017-12-31&sort=num_votes,desc&start=551&ref_=adv_nxt",The Other Side,https://www.imdb.com/title/tt5207764/?ref_=adv_li_tt,The Other Side,95000,"6,6",,Drame
1678279274-504,"https://www.imdb.com/search/title/?release_date=2017-01-01,2017-12-31&sort=num_votes,desc&start=401&ref_=adv_nxt",Mercy,https://www.imdb.com/title/tt6156390/?ref_=adv_li_tt,Mercy,13000,"6,9",,Drame
1678279088-469,"https://www.imdb.com/search/title/?release_date=2017-01-01,2017-12-31&sort=num_votes,desc&start=451&ref_=adv_nxt",Descendants 2,https://www.imdb.com/title/tt5117876/?ref_=adv_li_tt,Descendants 2,12000,"6,3",,Action
1678279699-571,"https://www.imdb.com/search/title/?release_date=2017-01-01,2017-12-31&sort=num_votes,desc&start=351&ref_=adv_nxt",Shaadi Mein Zaroor Aana,https://www.imdb.com/title/tt7469726/?ref_=adv_li_tt,Shaadi Mein Zaroor Aana,16000,"7,5",,Drame
1678274427-399,"https://www.imdb.com/search/title/?release_date=2017-01-01,2017-12-31&sort=num_votes,desc&start=1&ref_=adv_nxt",Le Roi Arthur : La Légende d'Excalibur,https://www.imdb.com/title/tt1972591/?ref_=adv_li_tt,Le Roi Arthur : La Légende d'Excalibur,221000,"6,7",41.0,Action
1678273661-284,"https://www.imdb.com/search/title/?release_date=2017-01-01,2017-12-31&sort=num_votes,desc&start=151&ref_=adv_nxt",Game of Thrones,https://www.imdb.com/title/tt0944947/?ref_=adv_li_tt,Game of Thrones,2100000,"9,2",,Action
1678273061-194,"https://www.imdb.com/search/title/?release_date=2017-01-01,2017-12-31&sort=num_votes,desc&start=201&ref_=adv_nxt",Le 12ème Homme,https://www.imdb.com/title/tt3300980/?ref_=adv_li_tt,Le 12ème Homme,27000,"7,3",70.0,Drame
1678281641-775,"https://www.imdb.com/search/title/?release_date=2017-01-01,2017-12-31&sort=num_votes,desc&start=651&ref_=adv_nxt",Virtue of the Vicious,https://www.imdb.com/title/tt5690544/?ref_=adv_li_tt,Virtue of the Vicious,75000,"9,1",,Action
1678279955-622,"https://www.imdb.com/search/title/?release_date=2017-01-01,2017-12-31&sort=num_votes,desc&start=301&ref_=adv_nxt",Security,https://www.imdb.com/title/tt3501112/?ref_=adv_li_tt,Security,20000,"5,7",,Action
1678282759-914,"https://www.imdb.com/search/title/?release_date=2017-01-01,2017-12-31&sort=num_votes,desc&start=551&ref_=adv_nxt",Home,https://www.imdb.com/title/tt5690552/?ref_=adv_li_tt,Home,10000,"9,5",,Action
1678281659-778,"https://www.imdb.com/search/title/?release_date=2017-01-01,2017-12-31&sort=num_votes,desc&start=651&ref_=adv_nxt",Bokeh,https://www.imdb.com/title/tt3722062/?ref_=adv_li_tt,Bokeh,76000,"5,0",56.0,Drame
1678273908-323,"https://www.imdb.com/search/title/?release_date=2017-01-01,2017-12-31&sort=num_votes,desc&start=101&ref_=adv_nxt",Godless,https://www.imdb.com/title/tt5516154/?ref_=adv_li_tt,Godless,71000,"8,3",,Action
1678273431-250,"https://www.imdb.com/search/title/?release_date=2017-01-01,2017-12-31&sort=num_votes,desc&start=151&ref_=adv_nxt",Le Chemin du pardon,https://www.imdb.com/title/tt2872518/?ref_=adv_li_tt,Le Chemin du pardon,37000,"6,2",32.0,Drame
1678273231-223,"https://www.imdb.com/search/title/?release_date=2017-01-01,2017-12-31&sort=num_votes,desc&start=201&ref_=adv_nxt",Chasseuse de géants,https://www.imdb.com/title/tt4547194/?ref_=adv_li_tt,Chasseuse de géants,32000,"6,1",74.0,Drame
1678278969-449,"https://www.imdb.com/search/title/?release_date=2017-01-01,2017-12-31&sort=num_votes,desc&start=451&ref_=adv_nxt",Voice from the Stone,https://www.imdb.com/title/tt1544608/?ref_=adv_li_tt,Voice from the Stone,12000,"5,2",42.0,Drame
1678279834-597,"https://www.imdb.com/search/title/?release_date=2017-01-01,2017-12-31&sort=num_votes,desc&start=301&ref_=adv_nxt",Chapter Four: Will the Wise,https://www.imdb.com/title/tt6020802/?ref_=adv_li_tt,Chapter Four: Will the Wise,18000,"8,5",,Drame
1678273680-287,"https://www.imdb.com/search/title/?release_date=2017-01-01,2017-12-31&sort=num_votes,desc&start=151&ref_=adv_nxt",Mudbound,https://www.imdb.com/title/tt2396589/?ref_=adv_li_tt,Mudbound,51000,"7,4",85.0,Drame
1678278995-452,"https://www.imdb.com/search/title/?release_date=2017-01-01,2017-12-31&sort=num_votes,desc&start=451&ref_=adv_nxt",Day of the Dead: Bloodline,https://www.imdb.com/title/tt3053228/?ref_=adv_li_tt,Day of the Dead: Bloodline,12000,"3,4",,Action
1678274511-413,"https://www.imdb.com/search/title/?release_date=2017-01-01,2017-12-31&sort=num_votes,desc&start=1&ref_=adv_nxt",13 Reasons Why,https://www.imdb.com/title/tt1837492/?ref_=adv_li_tt,13 Reasons Why,299000,"7,5",,Drame
1678274492-410,"https://www.imdb.com/search/title/?release_date=2017-01-01,2017-12-31&sort=num_votes,desc&start=1&ref_=adv_nxt",Call Me by Your Name,https://www.imdb.com/title/tt5726616/?ref_=adv_li_tt,Call Me by Your Name,282000,"7,8",94.0,Drame
1678281390-743,"https://www.imdb.com/search/title/?release_date=2017-01-01,2017-12-31&sort=num_votes,desc&start=701&ref_=adv_nxt",Black and White Love,https://www.imdb.com/title/tt7550774/?ref_=adv_li_tt,Black and White Love,71000,"8,0",,Action
1678280020-636,"https://www.imdb.com/search/title/?release_date=2017-01-01,2017-12-31&sort=num_votes,desc&start=301&ref_=adv_nxt",Tubelight,https://www.imdb.com/title/tt5882970/?ref_=adv_li_tt,Tubelight,21000,"3,9",,Drame
1678274634-434,"https://www.imdb.com/search/title/?release_date=2017-01-01,2017-12-31&sort=num_votes,desc&start=1&ref_=adv_nxt",Wonder Woman,https://www.imdb.com/title/tt0451279/?ref_=adv_li_tt,Wonder Woman,667000,"7,4",76.0,Action
1678273623-279,"https://www.imdb.com/search/title/?release_date=2017-01-01,2017-12-31&sort=num_votes,desc&start=151&ref_=adv_nxt",Raees,https://www.imdb.com/title/tt3405236/?ref_=adv_li_tt,Raees,47000,"6,6",,Action
1678273608-277,"https://www.imdb.com/search/title/?release_date=2017-01-01,2017-12-31&sort=num_votes,desc&start=151&ref_=adv_nxt",Stormborn,https://www.imdb.com/title/tt5655178/?ref_=adv_li_tt,Stormborn,46000,"8,8",,Action
1678273737-295,"https://www.imdb.com/search/title/?release_date=2017-01-01,2017-12-31&sort=num_votes,desc&start=101&ref_=adv_nxt",Le dernier jour de ma vie,https://www.imdb.com/title/tt1691916/?ref_=adv_li_tt,Le dernier jour de ma vie,54000,"6,4",58.0,Drame
1678282871-929,"https://www.imdb.com/search/title/?release_date=2017-01-01,2017-12-31&sort=num_votes,desc&start=501&ref_=adv_nxt",Rock in the Road,https://www.imdb.com/title/tt5207746/?ref_=adv_li_tt,Rock in the Road,10000,"8,0",,Drame
1678282763-915,"https://www.imdb.com/search/title/?release_date=2017-01-01,2017-12-31&sort=num_votes,desc&start=551&ref_=adv_nxt",Monsters,https://www.imdb.com/title/tt6198656/?ref_=adv_li_tt,Monsters,10000,"6,4",,Drame
1678282474-871,"https://www.imdb.com/search/title/?release_date=2017-01-01,2017-12-31&sort=num_votes,desc&start=551&ref_=adv_nxt",The Cured,https://www.imdb.com/title/tt3463106/?ref_=adv_li_tt,The Cured,89000,"5,6",57.0,Drame
1678280036-639,"https://www.imdb.com/search/title/?release_date=2017-01-01,2017-12-31&sort=num_votes,desc&start=301&ref_=adv_nxt",Wheelman,https://www.imdb.com/title/tt5723286/?ref_=adv_li_tt,Wheelman,21000,"6,4",66.0,Action
1678282881-930,"https://www.imdb.com/search/title/?release_date=2017-01-01,2017-12-31&sort=num_votes,desc&start=501&ref_=adv_nxt",Sang d'acier,https://www.imdb.com/title/tt5813366/?ref_=adv_li_tt,Sang d'acier,10000,"5,1",43.0,Action
1678281461-751,"https://www.imdb.com/search/title/?release_date=2017-01-01,2017-12-31&sort=num_votes,desc&start=701&ref_=adv_nxt",Dev DD,https://www.imdb.com/title/tt7151510/?ref_=adv_li_tt,Dev DD,73000,"6,4",,Drame
1678274059-343,"https://www.imdb.com/search/title/?release_date=2017-01-01,2017-12-31&sort=num_votes,desc&start=51&ref_=adv_nxt",Legion,https://www.imdb.com/title/tt5114356/?ref_=adv_li_tt,Legion,93000,"8,2",,Action
1678281356-738,"https://www.imdb.com/search/title/?release_date=2017-01-01,2017-12-31&sort=num_votes,desc&start=701&ref_=adv_nxt",A Gentleman,https://www.imdb.com/title/tt5613834/?ref_=adv_li_tt,A Gentleman,71000,"6,2",,Action
1678282460-869,"https://www.imdb.com/search/title/?release_date=2017-01-01,2017-12-31&sort=num_votes,desc&start=551&ref_=adv_nxt",Submergence,https://www.imdb.com/title/tt3563262/?ref_=adv_li_tt,Submergence,88000,"5,4",38.0,Drame
1678283001-948,"https://www.imdb.com/search/title/?release_date=2017-01-01,2017-12-31&sort=num_votes,desc&start=501&ref_=adv_nxt",Gunpowder,https://www.imdb.com/title/tt6128262/?ref_=adv_li_tt,Gunpowder,11000,"6,6",,Drame
1678273604-276,"https://www.imdb.com/search/title/?release_date=2017-01-01,2017-12-31&sort=num_votes,desc&start=151&ref_=adv_nxt",Eastwatch,https://www.imdb.com/title/tt5775854/?ref_=adv_li_tt,Eastwatch,46000,"8,7",,Action
1678281149-715,"https://www.imdb.com/search/title/?release_date=2017-01-01,2017-12-31&sort=num_votes,desc&start=701&ref_=adv_nxt",The Blacklist: Redemption,https://www.imdb.com/title/tt5592230/?ref_=adv_li_tt,The Blacklist: Redemption,68000,"7,0",,Action
1678279862-603,"https://www.imdb.com/search/title/?release_date=2017-01-01,2017-12-31&sort=num_votes,desc&start=301&ref_=adv_nxt",The Captain - l'usurpateur,https://www.imdb.com/title/tt6763252/?ref_=adv_li_tt,The Captain - l'usurpateur,19000,"7,3",67.0,Drame
1678282605-884,"https://www.imdb.com/search/title/?release_date=2017-01-01,2017-12-31&sort=num_votes,desc&start=551&ref_=adv_nxt",The Lodgers,https://www.imdb.com/title/tt4399952/?ref_=adv_li_tt,The Lodgers,93000,"5,1",52.0,Drame
1678280063-645,"https://www.imdb.com/search/title/?release_date=2017-01-01,2017-12-31&sort=num_votes,desc&start=301&ref_=adv_nxt",Stranger Things,https://www.imdb.com/title/tt4574334/?ref_=adv_li_tt,Stranger Things,1200000,"8,7",,Drame
1678273777-301,"https://www.imdb.com/search/title/?release_date=2017-01-01,2017-12-31&sort=num_votes,desc&start=101&ref_=adv_nxt",Anne with an E,https://www.imdb.com/title/tt5421602/?ref_=adv_li_tt,Anne with an E,58000,"8,7",,Drame
1678281249-726,"https://www.imdb.com/search/title/?release_date=2017-01-01,2017-12-31&sort=num_votes,desc&start=701&ref_=adv_nxt",Battle at the Binary Stars,https://www.imdb.com/title/tt5835712/?ref_=adv_li_tt,Battle at the Binary Stars,7000,"7,4",,Action
1678273580-272,"https://www.imdb.com/search/title/?release_date=2017-01-01,2017-12-31&sort=num_votes,desc&start=151&ref_=adv_nxt",Revenge,https://www.imdb.com/title/tt6738136/?ref_=adv_li_tt,Revenge,45000,"6,4",81.0,Action
1678273369-243,"https://www.imdb.com/search/title/?release_date=2017-01-01,2017-12-31&sort=num_votes,desc&start=151&ref_=adv_nxt",Mersal,https://www.imdb.com/title/tt6485666/?ref_=adv_li_tt,Mersal,36000,"7,5",,Action
1678274369-390,"https://www.imdb.com/search/title/?release_date=2017-01-01,2017-12-31&sort=num_votes,desc&start=1&ref_=adv_nxt",Barry Seal: American Traffic,https://www.imdb.com/title/tt3532216/?ref_=adv_li_tt,Barry Seal: American Traffic,190000,"7,1",65.0,Action
1678280365-696,"https://www.imdb.com/search/title/?release_date=2017-01-01,2017-12-31&sort=num_votes,desc&start=251&ref_=adv_nxt",Berlin Syndrome,https://www.imdb.com/title/tt3335606/?ref_=adv_li_tt,Berlin Syndrome,26000,"6,3",70.0,Drame
1678281131-713,"https://www.imdb.com/search/title/?release_date=2017-01-01,2017-12-31&sort=num_votes,desc&start=701&ref_=adv_nxt",Le Saint,https://www.imdb.com/title/tt2569088/?ref_=adv_li_tt,Le Saint,68000,"4,9",,Action
1678281717-787,"https://www.imdb.com/search/title/?release_date=2017-01-01,2017-12-31&sort=num_votes,desc&start=651&ref_=adv_nxt",The Leftovers,https://www.imdb.com/title/tt2699128/?ref_=adv_li_tt,The Leftovers,102000,"8,3",,Drame
1678273294-233,"https://www.imdb.com/search/title/?release_date=2017-01-01,2017-12-31&sort=num_votes,desc&start=201&ref_=adv_nxt",Thelma,https://www.imdb.com/title/tt6304046/?ref_=adv_li_tt,Thelma,34000,"7,0",74.0,Drame
1678273382-245,"https://www.imdb.com/search/title/?release_date=2017-01-01,2017-12-31&sort=num_votes,desc&start=151&ref_=adv_nxt",Larguées,https://www.imdb.com/title/tt2334871/?ref_=adv_li_tt,Larguées,36000,"4,6",45.0,Action
1678279825-596,"https://www.imdb.com/search/title/?release_date=2017-01-01,2017-12-31&sort=num_votes,desc&start=351&ref_=adv_nxt",Kodachrome,https://www.imdb.com/title/tt1880399/?ref_=adv_li_tt,Kodachrome,18000,"6,8",57.0,Drame
1678273196-218,"https://www.imdb.com/search/title/?release_date=2017-01-01,2017-12-31&sort=num_votes,desc&start=201&ref_=adv_nxt",The Deuce,https://www.imdb.com/title/tt4998350/?ref_=adv_li_tt,The Deuce,30000,"8,1",,Drame
1678272981-184,"https://www.imdb.com/search/title/?release_date=2017-01-01,2017-12-31&sort=num_votes,desc&start=201&ref_=adv_nxt",A Taxi Driver,https://www.imdb.com/title/tt6878038/?ref_=adv_li_tt,A Taxi Driver,26000,"7,9",69.0,Action
1678273668-285,"https://www.imdb.com/search/title/?release_date=2017-01-01,2017-12-31&sort=num_votes,desc&start=151&ref_=adv_nxt",L'expérience interdite,https://www.imdb.com/title/tt2039338/?ref_=adv_li_tt,L'expérience interdite,49000,"5,2",27.0,Drame
1678274184-362,"https://www.imdb.com/search/title/?release_date=2017-01-01,2017-12-31&sort=num_votes,desc&start=51&ref_=adv_nxt",The Florida Project,https://www.imdb.com/title/tt5649144/?ref_=adv_li_tt,The Florida Project,118000,"7,6",92.0,Drame
1678273489-259,"https://www.imdb.com/search/title/?release_date=2017-01-01,2017-12-31&sort=num_votes,desc&start=151&ref_=adv_nxt",The Wife,https://www.imdb.com/title/tt3750872/?ref_=adv_li_tt,The Wife,41000,"7,2",77.0,Drame
1678282600-883,"https://www.imdb.com/search/title/?release_date=2017-01-01,2017-12-31&sort=num_votes,desc&start=551&ref_=adv_nxt",The Brave,https://www.imdb.com/title/tt6461736/?ref_=adv_li_tt,The Brave,93000,"7,5",,Action
1678274570-423,"https://www.imdb.com/search/title/?release_date=2017-01-01,2017-12-31&sort=num_votes,desc&start=1&ref_=adv_nxt",La Forme de l'eau,https://www.imdb.com/title/tt5580390/?ref_=adv_li_tt,La Forme de l'eau,427000,"7,3",87.0,Drame
1678273506-262,"https://www.imdb.com/search/title/?release_date=2017-01-01,2017-12-31&sort=num_votes,desc&start=151&ref_=adv_nxt",Le Cercle: Rings,https://www.imdb.com/title/tt0498381/?ref_=adv_li_tt,Le Cercle: Rings,42000,"4,5",25.0,Drame
1678274652-437,"https://www.imdb.com/search/title/?release_date=2017-01-01,2017-12-31&sort=num_votes,desc&start=1&ref_=adv_nxt",Les Gardiens de la Galaxie Vol. 2,https://www.imdb.com/title/tt3896198/?ref_=adv_li_tt,Les Gardiens de la Galaxie Vol. 2,694000,"7,6",67.0,Action
1678281520-760,"https://www.imdb.com/search/title/?release_date=2017-01-01,2017-12-31&sort=num_votes,desc&start=651&ref_=adv_nxt",Two Dead Men,https://www.imdb.com/title/tt5690496/?ref_=adv_li_tt,Two Dead Men,73000,"8,1",,Action
1678274204-365,"https://www.imdb.com/search/title/?release_date=2017-01-01,2017-12-31&sort=num_votes,desc&start=51&ref_=adv_nxt",Okja,https://www.imdb.com/title/tt3967856/?ref_=adv_li_tt,Okja,125000,"7,3",75.0,Action
1678281068-706,"https://www.imdb.com/search/title/?release_date=2017-01-01,2017-12-31&sort=num_votes,desc&start=701&ref_=adv_nxt",El día de la marmota,https://www.imdb.com/title/tt6851492/?ref_=adv_li_tt,El día de la marmota,67000,"8,2",,Action
1678279690-569,"https://www.imdb.com/search/title/?release_date=2017-01-01,2017-12-31&sort=num_votes,desc&start=351&ref_=adv_nxt",Horizon Zero Dawn,https://www.imdb.com/title/tt4044024/?ref_=adv_li_tt,Horizon Zero Dawn,16000,"9,0",,Action
1678281743-791,"https://www.imdb.com/search/title/?release_date=2017-01-01,2017-12-31&sort=num_votes,desc&start=651&ref_=adv_nxt",13 Reasons Why,https://www.imdb.com/title/tt1837492/?ref_=adv_li_tt,13 Reasons Why,299000,"7,5",,Drame
1678282197-845,"https://www.imdb.com/search/title/?release_date=2017-01-01,2017-12-31&sort=num_votes,desc&start=601&ref_=adv_nxt",Time for After,https://www.imdb.com/title/tt6325296/?ref_=adv_li_tt,Time for After,84000,"6,5",,Drame
1678280205-674,"https://www.imdb.com/search/title/?release_date=2017-01-01,2017-12-31&sort=num_votes,desc&start=251&ref_=adv_nxt",2:22,https://www.imdb.com/title/tt1131724/?ref_=adv_li_tt,2:22,24000,"5,7",,Drame
1678282712-904,"https://www.imdb.com/search/title/?release_date=2017-01-01,2017-12-31&sort=num_votes,desc&start=551&ref_=adv_nxt",Say Yes,https://www.imdb.com/title/tt5207756/?ref_=adv_li_tt,Say Yes,99000,"7,0",,Drame
1678279060-464,"https://www.imdb.com/search/title/?release_date=2017-01-01,2017-12-31&sort=num_votes,desc&start=451&ref_=adv_nxt",First Kill,https://www.imdb.com/title/tt5884234/?ref_=adv_li_tt,First Kill,12000,"5,0",39.0,Action
1678273457-254,"https://www.imdb.com/search/title/?release_date=2017-01-01,2017-12-31&sort=num_votes,desc&start=151&ref_=adv_nxt",Crocodile,https://www.imdb.com/title/tt5710976/?ref_=adv_li_tt,Crocodile,39000,"7,3",,Drame
1678280345-693,"https://www.imdb.com/search/title/?release_date=2017-01-01,2017-12-31&sort=num_votes,desc&start=251&ref_=adv_nxt",Le Lieutenant Ottoman,https://www.imdb.com/title/tt4943322/?ref_=adv_li_tt,Le Lieutenant Ottoman,26000,"6,4",26.0,Drame
1678279239-497,"https://www.imdb.com/search/title/?release_date=2017-01-01,2017-12-31&sort=num_votes,desc&start=401&ref_=adv_nxt",Acts of Vengeance,https://www.imdb.com/title/tt6288694/?ref_=adv_li_tt,Acts of Vengeance,13000,"5,7",49.0,Action
1678281231-725,"https://www.imdb.com/search/title/?release_date=2017-01-01,2017-12-31&sort=num_votes,desc&start=701&ref_=adv_nxt",À l'heure des souvenirs,https://www.imdb.com/title/tt4827986/?ref_=adv_li_tt,À l'heure des souvenirs,7000,"6,4",61.0,Drame
1678281014-700,"https://www.imdb.com/search/title/?release_date=2017-01-01,2017-12-31&sort=num_votes,desc&start=701&ref_=adv_nxt",Zama,https://www.imdb.com/title/tt3409848/?ref_=adv_li_tt,Zama,67000,"6,7",89.0,Drame
1678274342-386,"https://www.imdb.com/search/title/?release_date=2017-01-01,2017-12-31&sort=num_votes,desc&start=51&ref_=adv_nxt",Mise à mort du cerf sacré,https://www.imdb.com/title/tt5715874/?ref_=adv_li_tt,Mise à mort du cerf sacré,161000,"7,0",73.0,Drame
1678281878-808,"https://www.imdb.com/search/title/?release_date=2017-01-01,2017-12-31&sort=num_votes,desc&start=651&ref_=adv_nxt",Lian Yu,https://www.imdb.com/title/tt5584166/?ref_=adv_li_tt,Lian Yu,8000,"9,6",,Action
1678282047-825,"https://www.imdb.com/search/title/?release_date=2017-01-01,2017-12-31&sort=num_votes,desc&start=601&ref_=adv_nxt",Vengeance,https://www.imdb.com/title/tt5460530/?ref_=adv_li_tt,Vengeance,81000,"5,2",,Action
1678282642-890,"https://www.imdb.com/search/title/?release_date=2017-01-01,2017-12-31&sort=num_votes,desc&start=551&ref_=adv_nxt",Les affamés,https://www.imdb.com/title/tt6243140/?ref_=adv_li_tt,Les affamés,96000,"5,8",,Action
1678281700-784,"https://www.imdb.com/search/title/?release_date=2017-01-01,2017-12-31&sort=num_votes,desc&start=651&ref_=adv_nxt",Battleship Island,https://www.imdb.com/title/tt5969696/?ref_=adv_li_tt,Battleship Island,77000,"7,1",60.0,Action
1678280142-660,"https://www.imdb.com/search/title/?release_date=2017-01-01,2017-12-31&sort=num_votes,desc&start=251&ref_=adv_nxt",Salvation,https://www.imdb.com/title/tt6170874/?ref_=adv_li_tt,Salvation,23000,"6,9",,Drame
1678279473-530,"https://www.imdb.com/search/title/?release_date=2017-01-01,2017-12-31&sort=num_votes,desc&start=401&ref_=adv_nxt",Killing Gunther,https://www.imdb.com/title/tt5689068/?ref_=adv_li_tt,Killing Gunther,14000,"4,8",53.0,Action
1678283014-951,"https://www.imdb.com/search/title/?release_date=2017-01-01,2017-12-31&sort=num_votes,desc&start=501&ref_=adv_nxt",The Damned,https://www.imdb.com/title/tt6198638/?ref_=adv_li_tt,The Damned,11000,"6,7",,Drame
1678281624-772,"https://www.imdb.com/search/title/?release_date=2017-01-01,2017-12-31&sort=num_votes,desc&start=651&ref_=adv_nxt",Half Girlfriend,https://www.imdb.com/title/tt5474042/?ref_=adv_li_tt,Half Girlfriend,75000,"4,6",,Drame
1678279920-615,"https://www.imdb.com/search/title/?release_date=2017-01-01,2017-12-31&sort=num_votes,desc&start=301&ref_=adv_nxt",The Rider,https://www.imdb.com/title/tt6217608/?ref_=adv_li_tt,The Rider,20000,"7,4",91.0,Drame
1678281583-767,"https://www.imdb.com/search/title/?release_date=2017-01-01,2017-12-31&sort=num_votes,desc&start=651&ref_=adv_nxt",Le chalet,https://www.imdb.com/title/tt8168678/?ref_=adv_li_tt,Le chalet,74000,"7,0",,Drame
1678279404-522,"https://www.imdb.com/search/title/?release_date=2017-01-01,2017-12-31&sort=num_votes,desc&start=401&ref_=adv_nxt",Guardians,https://www.imdb.com/title/tt4600952/?ref_=adv_li_tt,Guardians,14000,"4,0",,Action
1678280187-670,"https://www.imdb.com/search/title/?release_date=2017-01-01,2017-12-31&sort=num_votes,desc&start=251&ref_=adv_nxt",Chapter Nine: The Gate,https://www.imdb.com/title/tt6020876/?ref_=adv_li_tt,Chapter Nine: The Gate,24000,"9,3",,Drame
1678274097-349,"https://www.imdb.com/search/title/?release_date=2017-01-01,2017-12-31&sort=num_votes,desc&start=51&ref_=adv_nxt",Good Doctor,https://www.imdb.com/title/tt6470478/?ref_=adv_li_tt,Good Doctor,99000,"8,1",,Drame
1678281256-727,"https://www.imdb.com/search/title/?release_date=2017-01-01,2017-12-31&sort=num_votes,desc&start=701&ref_=adv_nxt",Star Trek: Discovery,https://www.imdb.com/title/tt5171438/?ref_=adv_li_tt,Star Trek: Discovery,126000,"7,0",,Action
1678273085-197,"https://www.imdb.com/search/title/?release_date=2017-01-01,2017-12-31&sort=num_votes,desc&start=201&ref_=adv_nxt",Inhumans,https://www.imdb.com/title/tt4154858/?ref_=adv_li_tt,Inhumans,27000,"4,9",,Action
1678280162-664,"https://www.imdb.com/search/title/?release_date=2017-01-01,2017-12-31&sort=num_votes,desc&start=251&ref_=adv_nxt",Dynastie,https://www.imdb.com/title/tt6128300/?ref_=adv_li_tt,Dynastie,23000,"7,3",,Drame
1678281910-813,"https://www.imdb.com/search/title/?release_date=2017-01-01,2017-12-31&sort=num_votes,desc&start=651&ref_=adv_nxt",Órbita 9,https://www.imdb.com/title/tt3469798/?ref_=adv_li_tt,Órbita 9,8000,"5,9",,Drame
1678281953-816,"https://www.imdb.com/search/title/?release_date=2017-01-01,2017-12-31&sort=num_votes,desc&start=601&ref_=adv_nxt",The Legend of Zelda: Breath of the Wild,https://www.imdb.com/title/tt3253986/?ref_=adv_li_tt,The Legend of Zelda: Breath of the Wild,81000,"9,4",,Action
1678281080-707,"https://www.imdb.com/search/title/?release_date=2017-01-01,2017-12-31&sort=num_votes,desc&start=701&ref_=adv_nxt",Singam 3,https://www.imdb.com/title/tt5323640/?ref_=adv_li_tt,Singam 3,67000,"6,0",,Action
1678273713-291,"https://www.imdb.com/search/title/?release_date=2017-01-01,2017-12-31&sort=num_votes,desc&start=101&ref_=adv_nxt",Dragonstone,https://www.imdb.com/title/tt5654088/?ref_=adv_li_tt,Dragonstone,52000,"8,5",,Action
1678281811-800,"https://www.imdb.com/search/title/?release_date=2017-01-01,2017-12-31&sort=num_votes,desc&start=651&ref_=adv_nxt",Imprudencias letales,https://www.imdb.com/title/tt6798708/?ref_=adv_li_tt,Imprudencias letales,79000,"8,2",,Action
1678282145-838,"https://www.imdb.com/search/title/?release_date=2017-01-01,2017-12-31&sort=num_votes,desc&start=601&ref_=adv_nxt",Riviera,https://www.imdb.com/title/tt5936448/?ref_=adv_li_tt,Riviera,83000,"6,6",,Drame
1678274561-421,"https://www.imdb.com/search/title/?release_date=2017-01-01,2017-12-31&sort=num_votes,desc&start=1&ref_=adv_nxt",Jumanji : Bienvenue dans la jungle,https://www.imdb.com/title/tt2283362/?ref_=adv_li_tt,Jumanji : Bienvenue dans la jungle,390000,"6,9",58.0,Action
1678281037-703,"https://www.imdb.com/search/title/?release_date=2017-01-01,2017-12-31&sort=num_votes,desc&start=701&ref_=adv_nxt",Prodigy,https://www.imdb.com/title/tt5017936/?ref_=adv_li_tt,Prodigy,67000,"5,9",,Drame
1678273500-261,"https://www.imdb.com/search/title/?release_date=2017-01-01,2017-12-31&sort=num_votes,desc&start=151&ref_=adv_nxt",Arkangel,https://www.imdb.com/title/tt5709250/?ref_=adv_li_tt,Arkangel,41000,"7,3",,Drame
1678274616-431,"https://www.imdb.com/search/title/?release_date=2017-01-01,2017-12-31&sort=num_votes,desc&start=1&ref_=adv_nxt",Blade Runner 2049,https://www.imdb.com/title/tt1856101/?ref_=adv_li_tt,Blade Runner 2049,590000,"8,0",81.0,Action
1678273568-270,"https://www.imdb.com/search/title/?release_date=2017-01-01,2017-12-31&sort=num_votes,desc&start=151&ref_=adv_nxt",The Endless,https://www.imdb.com/title/tt3986820/?ref_=adv_li_tt,The Endless,45000,"6,5",80.0,Drame
1678282979-945,"https://www.imdb.com/search/title/?release_date=2017-01-01,2017-12-31&sort=num_votes,desc&start=501&ref_=adv_nxt",Spyder,https://www.imdb.com/title/tt6522546/?ref_=adv_li_tt,Spyder,11000,"6,3",,Action
1678273913-324,"https://www.imdb.com/search/title/?release_date=2017-01-01,2017-12-31&sort=num_votes,desc&start=101&ref_=adv_nxt",Line of fire,https://www.imdb.com/title/tt3829920/?ref_=adv_li_tt,Line of fire,72000,"7,6",72.0,Action
1678281635-774,"https://www.imdb.com/search/title/?release_date=2017-01-01,2017-12-31&sort=num_votes,desc&start=651&ref_=adv_nxt",Prison Break,https://www.imdb.com/title/tt0455275/?ref_=adv_li_tt,Prison Break,545000,"8,3",,Action
1678282656-893,"https://www.imdb.com/search/title/?release_date=2017-01-01,2017-12-31&sort=num_votes,desc&start=551&ref_=adv_nxt",Bury Me Here,https://www.imdb.com/title/tt5207758/?ref_=adv_li_tt,Bury Me Here,97000,"7,6",,Drame
1678282912-935,"https://www.imdb.com/search/title/?release_date=2017-01-01,2017-12-31&sort=num_votes,desc&start=501&ref_=adv_nxt",Payitaht Abdülhamid,https://www.imdb.com/title/tt6536562/?ref_=adv_li_tt,Payitaht Abdülhamid,11000,"5,0",,Action
1678282618-887,"https://www.imdb.com/search/title/?release_date=2017-01-01,2017-12-31&sort=num_votes,desc&start=551&ref_=adv_nxt",The Outlaws,https://www.imdb.com/title/tt7468056/?ref_=adv_li_tt,The Outlaws,95000,"7,2",,Action
1678282337-857,"https://www.imdb.com/search/title/?release_date=2017-01-01,2017-12-31&sort=num_votes,desc&start=601&ref_=adv_nxt",3 AM,https://www.imdb.com/title/tt5690490/?ref_=adv_li_tt,3 AM,86000,"8,5",,Action
1678281154-716,"https://www.imdb.com/search/title/?release_date=2017-01-01,2017-12-31&sort=num_votes,desc&start=701&ref_=adv_nxt",Aloko Udapadi,https://www.imdb.com/title/tt5963218/?ref_=adv_li_tt,Aloko Udapadi,68000,"8,3",,Drame
1678281884-809,"https://www.imdb.com/search/title/?release_date=2017-01-01,2017-12-31&sort=num_votes,desc&start=651&ref_=adv_nxt",Arrow,https://www.imdb.com/title/tt2193021/?ref_=adv_li_tt,Arrow,435000,"7,5",,Action
1678281525-761,"https://www.imdb.com/search/title/?release_date=2017-01-01,2017-12-31&sort=num_votes,desc&start=651&ref_=adv_nxt",Errar al disparar,https://www.imdb.com/title/tt6851488/?ref_=adv_li_tt,Errar al disparar,73000,"8,0",,Action
1678281749-792,"https://www.imdb.com/search/title/?release_date=2017-01-01,2017-12-31&sort=num_votes,desc&start=651&ref_=adv_nxt",Été 93,https://www.imdb.com/title/tt5897636/?ref_=adv_li_tt,Été 93,77000,"7,1",81.0,Drame
1678282355-860,"https://www.imdb.com/search/title/?release_date=2017-01-01,2017-12-31&sort=num_votes,desc&start=601&ref_=adv_nxt",Assassin's Creed: Origins,https://www.imdb.com/title/tt7025920/?ref_=adv_li_tt,Assassin's Creed: Origins,87000,"8,5",,Action
1678274646-436,"https://www.imdb.com/search/title/?release_date=2017-01-01,2017-12-31&sort=num_votes,desc&start=1&ref_=adv_nxt",Dunkerque,https://www.imdb.com/title/tt5013056/?ref_=adv_li_tt,Dunkerque,672000,"7,8",94.0,Action
1678274047-341,"https://www.imdb.com/search/title/?release_date=2017-01-01,2017-12-31&sort=num_votes,desc&start=51&ref_=adv_nxt",The Spoils of War,https://www.imdb.com/title/tt5775846/?ref_=adv_li_tt,The Spoils of War,91000,"9,7",,Action
1678273437-251,"https://www.imdb.com/search/title/?release_date=2017-01-01,2017-12-31&sort=num_votes,desc&start=151&ref_=adv_nxt",Kidnap,https://www.imdb.com/title/tt1458169/?ref_=adv_li_tt,Kidnap,38000,"5,9",44.0,Action
1678282709-903,"https://www.imdb.com/search/title/?release_date=2017-01-01,2017-12-31&sort=num_votes,desc&start=551&ref_=adv_nxt",Golmaal Again,https://www.imdb.com/title/tt1806913/?ref_=adv_li_tt,Golmaal Again,99000,"4,9",,Action
1678274326-383,"https://www.imdb.com/search/title/?release_date=2017-01-01,2017-12-31&sort=num_votes,desc&start=51&ref_=adv_nxt",Transformers: The Last Knight,https://www.imdb.com/title/tt3371366/?ref_=adv_li_tt,Transformers: The Last Knight,156000,"5,2",27.0,Action
1678273090-198,"https://www.imdb.com/search/title/?release_date=2017-01-01,2017-12-31&sort=num_votes,desc&start=201&ref_=adv_nxt",Kaabil,https://www.imdb.com/title/tt5460276/?ref_=adv_li_tt,Kaabil,28000,"7,1",,Action
1678281160-717,"https://www.imdb.com/search/title/?release_date=2017-01-01,2017-12-31&sort=num_votes,desc&start=701&ref_=adv_nxt",Call of Duty: WWII,https://www.imdb.com/title/tt6824658/?ref_=adv_li_tt,Call of Duty: WWII,68000,"7,7",,Action
1678274211-366,"https://www.imdb.com/search/title/?release_date=2017-01-01,2017-12-31&sort=num_votes,desc&start=51&ref_=adv_nxt",Star Trek: Discovery,https://www.imdb.com/title/tt5171438/?ref_=adv_li_tt,Star Trek: Discovery,126000,"7,0",,Action
1678282482-872,"https://www.imdb.com/search/title/?release_date=2017-01-01,2017-12-31&sort=num_votes,desc&start=551&ref_=adv_nxt",Something They Need,https://www.imdb.com/title/tt5207766/?ref_=adv_li_tt,Something They Need,89000,"7,5",,Drame
1678278880-443,"https://www.imdb.com/search/title/?release_date=2017-01-01,2017-12-31&sort=num_votes,desc&start=451&ref_=adv_nxt","Kronos, le soulèvement des machines",https://www.imdb.com/title/tt7312940/?ref_=adv_li_tt,"Kronos, le soulèvement des machines",11000,"3,6",,Action
1678282662-894,"https://www.imdb.com/search/title/?release_date=2017-01-01,2017-12-31&sort=num_votes,desc&start=551&ref_=adv_nxt",Revolt,https://www.imdb.com/title/tt3722614/?ref_=adv_li_tt,Revolt,97000,"5,3",,Action
1678280254-684,"https://www.imdb.com/search/title/?release_date=2017-01-01,2017-12-31&sort=num_votes,desc&start=251&ref_=adv_nxt",S.W.A.T.,https://www.imdb.com/title/tt6111130/?ref_=adv_li_tt,S.W.A.T.,25000,"7,1",,Action
1678274588-426,"https://www.imdb.com/search/title/?release_date=2017-01-01,2017-12-31&sort=num_votes,desc&start=1&ref_=adv_nxt",La casa de papel,https://www.imdb.com/title/tt6468322/?ref_=adv_li_tt,La casa de papel,488000,"8,2",,Action
1678274164-359,"https://www.imdb.com/search/title/?release_date=2017-01-01,2017-12-31&sort=num_votes,desc&start=51&ref_=adv_nxt",Jessie,https://www.imdb.com/title/tt3748172/?ref_=adv_li_tt,Jessie,114000,"6,5",77.0,Drame
1678274457-404,"https://www.imdb.com/search/title/?release_date=2017-01-01,2017-12-31&sort=num_votes,desc&start=1&ref_=adv_nxt",Fast & Furious 8,https://www.imdb.com/title/tt4630562/?ref_=adv_li_tt,Fast & Furious 8,237000,"6,6",56.0,Action
1678281989-820,"https://www.imdb.com/search/title/?release_date=2017-01-01,2017-12-31&sort=num_votes,desc&start=601&ref_=adv_nxt",Memento Mori,https://www.imdb.com/title/tt5690560/?ref_=adv_li_tt,Memento Mori,81000,"9,1",,Action
1678274071-345,"https://www.imdb.com/search/title/?release_date=2017-01-01,2017-12-31&sort=num_votes,desc&start=51&ref_=adv_nxt",xXx: Reactivated,https://www.imdb.com/title/tt1293847/?ref_=adv_li_tt,xXx: Reactivated,94000,"5,2",42.0,Action
1678282835-924,"https://www.imdb.com/search/title/?release_date=2017-01-01,2017-12-31&sort=num_votes,desc&start=501&ref_=adv_nxt",Patti Cake$,https://www.imdb.com/title/tt6288250/?ref_=adv_li_tt,Patti Cake$,10000,"6,8",67.0,Drame
1678282939-940,"https://www.imdb.com/search/title/?release_date=2017-01-01,2017-12-31&sort=num_votes,desc&start=501&ref_=adv_nxt",Kung Fu Yoga,https://www.imdb.com/title/tt4217392/?ref_=adv_li_tt,Kung Fu Yoga,11000,"5,1",50.0,Action
1678282696-901,"https://www.imdb.com/search/title/?release_date=2017-01-01,2017-12-31&sort=num_votes,desc&start=551&ref_=adv_nxt",Satan's Slaves,https://www.imdb.com/title/tt7076834/?ref_=adv_li_tt,Pengabdi Setan,99000,"6,5",,Drame
1678274657-438,"https://www.imdb.com/search/title/?release_date=2017-01-01,2017-12-31&sort=num_votes,desc&start=1&ref_=adv_nxt",Thor: Ragnarok,https://www.imdb.com/title/tt3501632/?ref_=adv_li_tt,Thor: Ragnarok,765000,"7,9",74.0,Action
1678281961-817,"https://www.imdb.com/search/title/?release_date=2017-01-01,2017-12-31&sort=num_votes,desc&start=601&ref_=adv_nxt",Mukkabaaz,https://www.imdb.com/title/tt7180544/?ref_=adv_li_tt,Mukkabaaz,81000,"8,0",,Action
1678273353-240,"https://www.imdb.com/search/title/?release_date=2017-01-01,2017-12-31&sort=num_votes,desc&start=151&ref_=adv_nxt",The Discovery,https://www.imdb.com/title/tt5155780/?ref_=adv_li_tt,The Discovery,35000,"6,2",54.0,Drame
1678273219-221,"https://www.imdb.com/search/title/?release_date=2017-01-01,2017-12-31&sort=num_votes,desc&start=201&ref_=adv_nxt",Tiger Zinda Hai,https://www.imdb.com/title/tt5956100/?ref_=adv_li_tt,Tiger Zinda Hai,30000,"5,9",,Action
1678280166-665,"https://www.imdb.com/search/title/?release_date=2017-01-01,2017-12-31&sort=num_votes,desc&start=251&ref_=adv_nxt",iBoy,https://www.imdb.com/title/tt3171832/?ref_=adv_li_tt,iBoy,24000,"5,9",50.0,Action
1678280351-694,"https://www.imdb.com/search/title/?release_date=2017-01-01,2017-12-31&sort=num_votes,desc&start=251&ref_=adv_nxt",Black Lightning,https://www.imdb.com/title/tt6045840/?ref_=adv_li_tt,Black Lightning,26000,"6,1",,Action
1678279865-604,"https://www.imdb.com/search/title/?release_date=2017-01-01,2017-12-31&sort=num_votes,desc&start=301&ref_=adv_nxt","Chapter Two: Trick or Treat, Freak",https://www.imdb.com/title/tt6020792/?ref_=adv_li_tt,"Chapter Two: Trick or Treat, Freak",19000,"8,3",,Drame
1678281665-779,"https://www.imdb.com/search/title/?release_date=2017-01-01,2017-12-31&sort=num_votes,desc&start=651&ref_=adv_nxt",The Spacewalker,https://www.imdb.com/title/tt6673840/?ref_=adv_li_tt,The Spacewalker,76000,"7,2",,Drame
1678281060-705,"https://www.imdb.com/search/title/?release_date=2017-01-01,2017-12-31&sort=num_votes,desc&start=701&ref_=adv_nxt",The Son,https://www.imdb.com/title/tt3839822/?ref_=adv_li_tt,The Son,67000,"7,5",,Drame
1678282956-942,"https://www.imdb.com/search/title/?release_date=2017-01-01,2017-12-31&sort=num_votes,desc&start=501&ref_=adv_nxt",La mémoire assassine,https://www.imdb.com/title/tt5729348/?ref_=adv_li_tt,La mémoire assassine,11000,"7,2",,Action
1678273127-205,"https://www.imdb.com/search/title/?release_date=2017-01-01,2017-12-31&sort=num_votes,desc&start=201&ref_=adv_nxt",The Wall,https://www.imdb.com/title/tt4218696/?ref_=adv_li_tt,The Wall,28000,"6,2",57.0,Action
1678273477-257,"https://www.imdb.com/search/title/?release_date=2017-01-01,2017-12-31&sort=num_votes,desc&start=151&ref_=adv_nxt",Happy!,https://www.imdb.com/title/tt2452242/?ref_=adv_li_tt,Happy!,40000,"8,1",,Action
1678279076-467,"https://www.imdb.com/search/title/?release_date=2017-01-01,2017-12-31&sort=num_votes,desc&start=451&ref_=adv_nxt",Inside Edge,https://www.imdb.com/title/tt6112414/?ref_=adv_li_tt,Inside Edge,12000,"7,9",,Drame
1678274390-393,"https://www.imdb.com/search/title/?release_date=2017-01-01,2017-12-31&sort=num_votes,desc&start=1&ref_=adv_nxt",La momie,https://www.imdb.com/title/tt2345759/?ref_=adv_li_tt,La momie,194000,"5,4",34.0,Action
1678273236-224,"https://www.imdb.com/search/title/?release_date=2017-01-01,2017-12-31&sort=num_votes,desc&start=201&ref_=adv_nxt",Seule la terre,https://www.imdb.com/title/tt5635086/?ref_=adv_li_tt,Seule la terre,32000,"7,6",85.0,Drame
1678279655-562,"https://www.imdb.com/search/title/?release_date=2017-01-01,2017-12-31&sort=num_votes,desc&start=351&ref_=adv_nxt",The Bookshop,https://www.imdb.com/title/tt3127022/?ref_=adv_li_tt,The Bookshop,16000,"6,5",62.0,Drame
1678279396-521,"https://www.imdb.com/search/title/?release_date=2017-01-01,2017-12-31&sort=num_votes,desc&start=401&ref_=adv_nxt",My Lady,https://www.imdb.com/title/tt6040662/?ref_=adv_li_tt,My Lady,14000,"6,7",62.0,Drame
1678274190-363,"https://www.imdb.com/search/title/?release_date=2017-01-01,2017-12-31&sort=num_votes,desc&start=51&ref_=adv_nxt",Mary,https://www.imdb.com/title/tt4481414/?ref_=adv_li_tt,Mary,120000,"7,6",60.0,Drame
1678279852-601,"https://www.imdb.com/search/title/?release_date=2017-01-01,2017-12-31&sort=num_votes,desc&start=301&ref_=adv_nxt",Chapter Five: Dig Dug,https://www.imdb.com/title/tt6020806/?ref_=adv_li_tt,Chapter Five: Dig Dug,19000,"8,8",,Drame
1678282798-919,"https://www.imdb.com/search/title/?release_date=2017-01-01,2017-12-31&sort=num_votes,desc&start=501&ref_=adv_nxt",Braqueurs d'élite,https://www.imdb.com/title/tt4106376/?ref_=adv_li_tt,Braqueurs d'élite,10000,"5,5",33.0,Action
1678273376-244,"https://www.imdb.com/search/title/?release_date=2017-01-01,2017-12-31&sort=num_votes,desc&start=151&ref_=adv_nxt",The Gifted,https://www.imdb.com/title/tt4396630/?ref_=adv_li_tt,The Gifted,36000,"7,2",,Action
1678274316-381,"https://www.imdb.com/search/title/?release_date=2017-01-01,2017-12-31&sort=num_votes,desc&start=51&ref_=adv_nxt",Logan Lucky,https://www.imdb.com/title/tt5439796/?ref_=adv_li_tt,Logan Lucky,154000,"7,0",78.0,Action
1678279629-557,"https://www.imdb.com/search/title/?release_date=2017-01-01,2017-12-31&sort=num_votes,desc&start=351&ref_=adv_nxt",Liaisons à New York,https://www.imdb.com/title/tt0460890/?ref_=adv_li_tt,Liaisons à New York,16000,"6,3",33.0,Drame
1678280051-642,"https://www.imdb.com/search/title/?release_date=2017-01-01,2017-12-31&sort=num_votes,desc&start=301&ref_=adv_nxt",I Wish - Faites un voeu,https://www.imdb.com/title/tt5322012/?ref_=adv_li_tt,I Wish - Faites un voeu,21000,"5,0",32.0,Drame
1678279270-503,"https://www.imdb.com/search/title/?release_date=2017-01-01,2017-12-31&sort=num_votes,desc&start=401&ref_=adv_nxt",Six,https://www.imdb.com/title/tt5541338/?ref_=adv_li_tt,Six,13000,"7,2",,Action
1678281363-739,"https://www.imdb.com/search/title/?release_date=2017-01-01,2017-12-31&sort=num_votes,desc&start=701&ref_=adv_nxt",Naam Shabana,https://www.imdb.com/title/tt6170954/?ref_=adv_li_tt,Naam Shabana,71000,"6,2",,Action
1678282069-828,"https://www.imdb.com/search/title/?release_date=2017-01-01,2017-12-31&sort=num_votes,desc&start=601&ref_=adv_nxt",Cheong-nyeon-gyeong-chal,https://www.imdb.com/title/tt7056732/?ref_=adv_li_tt,Cheong-nyeon-gyeong-chal,82000,"7,3",,Action
1678273656-283,"https://www.imdb.com/search/title/?release_date=2017-01-01,2017-12-31&sort=num_votes,desc&start=151&ref_=adv_nxt",The Queen's Justice,https://www.imdb.com/title/tt5775840/?ref_=adv_li_tt,The Queen's Justice,48000,"9,1",,Action
1678281629-773,"https://www.imdb.com/search/title/?release_date=2017-01-01,2017-12-31&sort=num_votes,desc&start=651&ref_=adv_nxt",Ogygia,https://www.imdb.com/title/tt5537374/?ref_=adv_li_tt,Ogygia,75000,"8,4",,Action
1678273586-273,"https://www.imdb.com/search/title/?release_date=2017-01-01,2017-12-31&sort=num_votes,desc&start=151&ref_=adv_nxt",Cargo,https://www.imdb.com/title/tt3860916/?ref_=adv_li_tt,Cargo,45000,"6,3",65.0,Drame
1678273886-319,"https://www.imdb.com/search/title/?release_date=2017-01-01,2017-12-31&sort=num_votes,desc&start=101&ref_=adv_nxt",Section 99,https://www.imdb.com/title/tt5657856/?ref_=adv_li_tt,Section 99,70000,"7,1",79.0,Action
1678274358-389,"https://www.imdb.com/search/title/?release_date=2017-01-01,2017-12-31&sort=num_votes,desc&start=51&ref_=adv_nxt",Valérian et la Cité des Mille Planètes,https://www.imdb.com/title/tt2239822/?ref_=adv_li_tt,Valérian et la Cité des Mille Planètes,185000,"6,4",51.0,Action
1678274555-420,"https://www.imdb.com/search/title/?release_date=2017-01-01,2017-12-31&sort=num_votes,desc&start=1&ref_=adv_nxt",Kingsman: Le cercle d'or,https://www.imdb.com/title/tt4649466/?ref_=adv_li_tt,Kingsman: Le cercle d'or,337000,"6,7",44.0,Action
1678274536-417,"https://www.imdb.com/search/title/?release_date=2017-01-01,2017-12-31&sort=num_votes,desc&start=1&ref_=adv_nxt",Pirates des Caraïbes - La vengeance de Salazar,https://www.imdb.com/title/tt1790809/?ref_=adv_li_tt,Pirates des Caraïbes - La vengeance de Salazar,319000,"6,5",39.0,Action
1678279250-499,"https://www.imdb.com/search/title/?release_date=2017-01-01,2017-12-31&sort=num_votes,desc&start=401&ref_=adv_nxt",Bushwick,https://www.imdb.com/title/tt4720702/?ref_=adv_li_tt,Bushwick,13000,"5,2",44.0,Action
1678279550-544,"https://www.imdb.com/search/title/?release_date=2017-01-01,2017-12-31&sort=num_votes,desc&start=401&ref_=adv_nxt",The Walking Dead,https://www.imdb.com/title/tt1520211/?ref_=adv_li_tt,The Walking Dead,100000,"8,1",,Drame
1678279310-511,"https://www.imdb.com/search/title/?release_date=2017-01-01,2017-12-31&sort=num_votes,desc&start=401&ref_=adv_nxt",Attraction,https://www.imdb.com/title/tt4731148/?ref_=adv_li_tt,Attraction,13000,"5,6",,Drame
1678282692-900,"https://www.imdb.com/search/title/?release_date=2017-01-01,2017-12-31&sort=num_votes,desc&start=551&ref_=adv_nxt",Pyewacket,https://www.imdb.com/title/tt5119116/?ref_=adv_li_tt,Pyewacket,98000,"5,8",56.0,Drame
1678283049-958,"https://www.imdb.com/search/title/?release_date=2017-01-01,2017-12-31&sort=num_votes,desc&start=501&ref_=adv_nxt",Sweet Virginia,https://www.imdb.com/title/tt2582498/?ref_=adv_li_tt,Sweet Virginia,11000,"6,2",72.0,Action
1678282646-891,"https://www.imdb.com/search/title/?release_date=2017-01-01,2017-12-31&sort=num_votes,desc&start=551&ref_=adv_nxt",Hostiles and Calamities,https://www.imdb.com/title/tt5207754/?ref_=adv_li_tt,Hostiles and Calamities,96000,"7,3",,Drame
1678273850-312,"https://www.imdb.com/search/title/?release_date=2017-01-01,2017-12-31&sort=num_votes,desc&start=101&ref_=adv_nxt",Beyond the Wall,https://www.imdb.com/title/tt5775864/?ref_=adv_li_tt,Beyond the Wall,66000,"9,0",,Action
1678282238-848,"https://www.imdb.com/search/title/?release_date=2017-01-01,2017-12-31&sort=num_votes,desc&start=601&ref_=adv_nxt",Extorsion,https://www.imdb.com/title/tt2957760/?ref_=adv_li_tt,Extorsion,84000,"6,2",,Action
1678282017-823,"https://www.imdb.com/search/title/?release_date=2017-01-01,2017-12-31&sort=num_votes,desc&start=601&ref_=adv_nxt",Flash,https://www.imdb.com/title/tt3107288/?ref_=adv_li_tt,Flash,351000,"7,5",,Action
1678282312-853,"https://www.imdb.com/search/title/?release_date=2017-01-01,2017-12-31&sort=num_votes,desc&start=601&ref_=adv_nxt",Resident Evil VII: Biohazard,https://www.imdb.com/title/tt3569570/?ref_=adv_li_tt,Resident Evil VII: Biohazard,85000,"8,6",,Action
1678282633-889,"https://www.imdb.com/search/title/?release_date=2017-01-01,2017-12-31&sort=num_votes,desc&start=551&ref_=adv_nxt",Les filles de joie,https://www.imdb.com/title/tt5761478/?ref_=adv_li_tt,Les filles de joie,95000,"7,7",,Drame
1678273152-210,"https://www.imdb.com/search/title/?release_date=2017-01-01,2017-12-31&sort=num_votes,desc&start=201&ref_=adv_nxt",Corps et âme,https://www.imdb.com/title/tt5607714/?ref_=adv_li_tt,Corps et âme,28000,"7,5",77.0,Drame
1678274463-405,"https://www.imdb.com/search/title/?release_date=2017-01-01,2017-12-31&sort=num_votes,desc&start=1&ref_=adv_nxt",The Punisher,https://www.imdb.com/title/tt5675620/?ref_=adv_li_tt,The Punisher,243000,"8,5",,Action
1678280137-659,"https://www.imdb.com/search/title/?release_date=2017-01-01,2017-12-31&sort=num_votes,desc&start=251&ref_=adv_nxt",6 Days,https://www.imdb.com/title/tt4703048/?ref_=adv_li_tt,6 Days,23000,"6,2",36.0,Action
1678279361-516,"https://www.imdb.com/search/title/?release_date=2017-01-01,2017-12-31&sort=num_votes,desc&start=401&ref_=adv_nxt",The White Princess,https://www.imdb.com/title/tt5705956/?ref_=adv_li_tt,The White Princess,14000,"7,5",,Drame
1678273846-311,"https://www.imdb.com/search/title/?release_date=2017-01-01,2017-12-31&sort=num_votes,desc&start=101&ref_=adv_nxt",The Dragon and the Wolf,https://www.imdb.com/title/tt5775874/?ref_=adv_li_tt,The Dragon and the Wolf,66000,"9,4",,Action
1678274421-398,"https://www.imdb.com/search/title/?release_date=2017-01-01,2017-12-31&sort=num_votes,desc&start=1&ref_=adv_nxt",Ghost in the Shell,https://www.imdb.com/title/tt1219827/?ref_=adv_li_tt,Ghost in the Shell,219000,"6,3",52.0,Action
1678281712-786,"https://www.imdb.com/search/title/?release_date=2017-01-01,2017-12-31&sort=num_votes,desc&start=651&ref_=adv_nxt",The Book of Nora,https://www.imdb.com/title/tt5338044/?ref_=adv_li_tt,The Book of Nora,77000,"9,5",,Drame
1678273629-280,"https://www.imdb.com/search/title/?release_date=2017-01-01,2017-12-31&sort=num_votes,desc&start=151&ref_=adv_nxt",Vikram Vedha,https://www.imdb.com/title/tt6148156/?ref_=adv_li_tt,Vikram Vedha,47000,"8,2",,Action
1678279801-591,"https://www.imdb.com/search/title/?release_date=2017-01-01,2017-12-31&sort=num_votes,desc&start=351&ref_=adv_nxt",Gypsy,https://www.imdb.com/title/tt5503718/?ref_=adv_li_tt,Gypsy,18000,"6,8",,Drame
1678280073-647,"https://www.imdb.com/search/title/?release_date=2017-01-01,2017-12-31&sort=num_votes,desc&start=301&ref_=adv_nxt",Tulip Fever,https://www.imdb.com/title/tt0491203/?ref_=adv_li_tt,Tulip Fever,22000,"6,2",38.0,Drame
1678273718-292,"https://www.imdb.com/search/title/?release_date=2017-01-01,2017-12-31&sort=num_votes,desc&start=101&ref_=adv_nxt",USS Callister,https://www.imdb.com/title/tt5710974/?ref_=adv_li_tt,USS Callister,53000,"8,3",,Drame
1678274374-391,"https://www.imdb.com/search/title/?release_date=2017-01-01,2017-12-31&sort=num_votes,desc&start=1&ref_=adv_nxt",Baywatch: Alerte à Malibu,https://www.imdb.com/title/tt1469304/?ref_=adv_li_tt,Baywatch: Alerte à Malibu,191000,"5,5",37.0,Action
1678281098-709,"https://www.imdb.com/search/title/?release_date=2017-01-01,2017-12-31&sort=num_votes,desc&start=701&ref_=adv_nxt",El que la sigue la consigue,https://www.imdb.com/title/tt6851502/?ref_=adv_li_tt,El que la sigue la consigue,68000,"8,5",,Action
1678274576-424,"https://www.imdb.com/search/title/?release_date=2017-01-01,2017-12-31&sort=num_votes,desc&start=1&ref_=adv_nxt",John Wick 2,https://www.imdb.com/title/tt4425200/?ref_=adv_li_tt,John Wick 2,444000,"7,4",75.0,Action
1678279380-519,"https://www.imdb.com/search/title/?release_date=2017-01-01,2017-12-31&sort=num_votes,desc&start=401&ref_=adv_nxt",The Ghazi Attack,https://www.imdb.com/title/tt6299040/?ref_=adv_li_tt,The Ghazi Attack,14000,"7,5",,Action
1678274583-425,"https://www.imdb.com/search/title/?release_date=2017-01-01,2017-12-31&sort=num_votes,desc&start=1&ref_=adv_nxt",Justice League,https://www.imdb.com/title/tt0974015/?ref_=adv_li_tt,Justice League,459000,"6,1",45.0,Action
1678274084-347,"https://www.imdb.com/search/title/?release_date=2017-01-01,2017-12-31&sort=num_votes,desc&start=51&ref_=adv_nxt",It Comes at Night,https://www.imdb.com/title/tt4695012/?ref_=adv_li_tt,It Comes at Night,97000,"6,2",78.0,Drame
1678279135-479,"https://www.imdb.com/search/title/?release_date=2017-01-01,2017-12-31&sort=num_votes,desc&start=451&ref_=adv_nxt",Vivegam,https://www.imdb.com/title/tt6878378/?ref_=adv_li_tt,Vivegam,13000,"5,2",,Action
1678282985-946,"https://www.imdb.com/search/title/?release_date=2017-01-01,2017-12-31&sort=num_votes,desc&start=501&ref_=adv_nxt",Jagga Jasoos,https://www.imdb.com/title/tt4129428/?ref_=adv_li_tt,Jagga Jasoos,11000,"6,4",,Action
1678279769-585,"https://www.imdb.com/search/title/?release_date=2017-01-01,2017-12-31&sort=num_votes,desc&start=351&ref_=adv_nxt",Electric Dreams,https://www.imdb.com/title/tt5711280/?ref_=adv_li_tt,Electric Dreams,17000,"7,2",,Drame
1678282816-921,"https://www.imdb.com/search/title/?release_date=2017-01-01,2017-12-31&sort=num_votes,desc&start=501&ref_=adv_nxt",Obsession,https://www.imdb.com/title/tt3481634/?ref_=adv_li_tt,Obsession,10000,"5,2",,Drame
1678274445-402,"https://www.imdb.com/search/title/?release_date=2017-01-01,2017-12-31&sort=num_votes,desc&start=1&ref_=adv_nxt",Hitman & Bodyguard,https://www.imdb.com/title/tt1959563/?ref_=adv_li_tt,Hitman & Bodyguard,236000,"6,9",47.0,Action
1678272992-185,"https://www.imdb.com/search/title/?release_date=2017-01-01,2017-12-31&sort=num_votes,desc&start=201&ref_=adv_nxt",Future Man,https://www.imdb.com/title/tt4975856/?ref_=adv_li_tt,Future Man,26000,"7,7",,Action
1678274104-350,"https://www.imdb.com/search/title/?release_date=2017-01-01,2017-12-31&sort=num_votes,desc&start=51&ref_=adv_nxt",Baahubali 2: La conclusion,https://www.imdb.com/title/tt4849438/?ref_=adv_li_tt,Baahubali 2: La conclusion,105000,"8,2",,Action
1678279724-576,"https://www.imdb.com/search/title/?release_date=2017-01-01,2017-12-31&sort=num_votes,desc&start=351&ref_=adv_nxt",Britannia,https://www.imdb.com/title/tt5932548/?ref_=adv_li_tt,Britannia,17000,"6,8",,Action
1678279649-561,"https://www.imdb.com/search/title/?release_date=2017-01-01,2017-12-31&sort=num_votes,desc&start=351&ref_=adv_nxt",120 battements par minute,https://www.imdb.com/title/tt6135348/?ref_=adv_li_tt,120 battements par minute,16000,"7,4",84.0,Drame
1678273116-203,"https://www.imdb.com/search/title/?release_date=2017-01-01,2017-12-31&sort=num_votes,desc&start=201&ref_=adv_nxt",SEAL Team,https://www.imdb.com/title/tt6473344/?ref_=adv_li_tt,SEAL Team,28000,"7,8",,Action
1678283023-953,"https://www.imdb.com/search/title/?release_date=2017-01-01,2017-12-31&sort=num_votes,desc&start=501&ref_=adv_nxt",Bairavaa,https://www.imdb.com/title/tt6201292/?ref_=adv_li_tt,Bairavaa,11000,"5,8",,Action
1678273751-297,"https://www.imdb.com/search/title/?release_date=2017-01-01,2017-12-31&sort=num_votes,desc&start=101&ref_=adv_nxt",Un Monde entre nous,https://www.imdb.com/title/tt3922818/?ref_=adv_li_tt,Un Monde entre nous,54000,"6,4",33.0,Drame
1678273156-211,"https://www.imdb.com/search/title/?release_date=2017-01-01,2017-12-31&sort=num_votes,desc&start=201&ref_=adv_nxt",Counterpart,https://www.imdb.com/title/tt4643084/?ref_=adv_li_tt,Counterpart,28000,"8,0",,Drame
1678281768-795,"https://www.imdb.com/search/title/?release_date=2017-01-01,2017-12-31&sort=num_votes,desc&start=651&ref_=adv_nxt",Foxtrot,https://www.imdb.com/title/tt6896536/?ref_=adv_li_tt,Foxtrot,78000,"7,2",88.0,Drame
1678273696-289,"https://www.imdb.com/search/title/?release_date=2017-01-01,2017-12-31&sort=num_votes,desc&start=151&ref_=adv_nxt",To the Bone,https://www.imdb.com/title/tt5541240/?ref_=adv_li_tt,To the Bone,51000,"6,8",64.0,Drame
1678282671-896,"https://www.imdb.com/search/title/?release_date=2017-01-01,2017-12-31&sort=num_votes,desc&start=551&ref_=adv_nxt",New Best Friends,https://www.imdb.com/title/tt5207750/?ref_=adv_li_tt,New Best Friends,97000,"7,3",,Drame
1678279795-590,"https://www.imdb.com/search/title/?release_date=2017-01-01,2017-12-31&sort=num_votes,desc&start=351&ref_=adv_nxt",HHhH,https://www.imdb.com/title/tt3296908/?ref_=adv_li_tt,HHhH,17000,"6,4",,Action
1678273053-193,"https://www.imdb.com/search/title/?release_date=2017-01-01,2017-12-31&sort=num_votes,desc&start=201&ref_=adv_nxt",Runaways,https://www.imdb.com/title/tt1236246/?ref_=adv_li_tt,Runaways,27000,"6,9",,Action
1678281557-765,"https://www.imdb.com/search/title/?release_date=2017-01-01,2017-12-31&sort=num_votes,desc&start=651&ref_=adv_nxt",Kiborgy. Heroyi ne vmyrayut,https://www.imdb.com/title/tt7691572/?ref_=adv_li_tt,Kiborgy. Heroyi ne vmyrayut,74000,"7,5",,Action
1678280027-637,"https://www.imdb.com/search/title/?release_date=2017-01-01,2017-12-31&sort=num_votes,desc&start=301&ref_=adv_nxt",Knightfall,https://www.imdb.com/title/tt4555364/?ref_=adv_li_tt,Knightfall,21000,"6,8",,Action
1678279544-543,"https://www.imdb.com/search/title/?release_date=2017-01-01,2017-12-31&sort=num_votes,desc&start=401&ref_=adv_nxt",The First Day of the Rest of Your Life,https://www.imdb.com/title/tt5207772/?ref_=adv_li_tt,The First Day of the Rest of Your Life,15000,"7,7",,Drame
1678283010-950,"https://www.imdb.com/search/title/?release_date=2017-01-01,2017-12-31&sort=num_votes,desc&start=501&ref_=adv_nxt",Tabula Rasa,https://www.imdb.com/title/tt5197860/?ref_=adv_li_tt,Tabula Rasa,11000,"8,0",,Drame
1678283089-965,"https://www.imdb.com/search/title/?release_date=2017-01-01,2017-12-31&sort=num_votes,desc&start=501&ref_=adv_nxt",Fi,https://www.imdb.com/title/tt6724368/?ref_=adv_li_tt,Fi,11000,"7,8",,Drame
